{
  "name": "Что такое ParCool?",
  "icon": "minecraft:feather",
  "category": "parcool:category_about",
  "sortnum": 1,
  "pages": [
    {
      "type": "patchouli:text",
      "text": "Спасибо за игру с этим модом!$(br2)Этот мод для Minecraft нужен для более $(bold)клёвых$() действий, таких как $(bold)паркур$()$(br)Некоторые действия на самом деле являются приемами паркура.$(br2)Теперь ты стал паркурщиком. Давай бегать по миру Minecraft!"
    },
    {
      "type": "patchouli:image",
      "images": [
        "parcool:textures/gui/entries/logo_round.png"
      ]
    }
  ]
}