{
  "name": "Что такое паркур?",
  "icon": "minecraft:golden_boots",
  "category": "parcool:category_about",
  "sortnum": 2,
  "pages": [
    {
      "type": "patchouli:text",
      "text": "$(italic)Паркур$() это своего рода спорт, организованный $(italic)Давидом Беллем$().$(br)Паркур - это деятельность, при которой люди перемещаются из одной точки в другую как можно быстрее самостоятельно.$(br2)Название происходит от французского слова $(italic)parcours$() а участники называются$(italic)traceur$().$(br)Иногда паркур называют $(italic) фриранингом$(). Считается, что это английский перевод паркура."
    }
  ]
}
