{
  "name": "FAQ",
  "icon": "minecraft:paper",
  "category": "parcool:category_about",
  "sortnum": 4,
  "pages": [
    {
      "type": "patchouli:text",
      "text": "Часто задаваемые вопросы"
    },
    {
      "type": "patchouli:text",
      "text": "$(bold)Q. Много горячих клавиш конфликтуют!$()$(br2)$(bold)A. Не беспокойтесь. ParCool работает со стандартной раскладкой клавиш.$()$(br)Эти конфликты возникают потому, что ParCool предназначена для использования с небольшим количеством клавиш, но при этом имеет много настраиваемых комбинаций клавиш."
    },
    {
      "type": "patchouli:text",
      "text": "$(bold)Q. Поддерживается ли Fabric?$()$(br2)$(bold)A. Нет.$()$(br)Разработчики пока не планируют портировать этот мод на Fabric."
    }
  ]
}
