{
  "name": "Выносливость",
  "icon": "minecraft:golden_apple",
  "category": "parcool:category_about",
  "sortnum": 3,
  "pages": [
    {
      "type": "patchouli:text",
      "text": "Этот мод добавляет в игру концепцию выносливости$(br2)Стамина расходуется когда вы выполняете движения ParCool. Когда выносливость заканчивается, на вас накладывается штраф.$(list)Вы не сможете бегать.$(list)Вы не сможете выполнять движения ParCool.$(br)Прошу, будьте аккуратными."
    }
  ]
}
