{
  "name": "Чернила",
  "icon": "irons_spellbooks:epic_ink",
  "category": "irons_spellbooks:root",
  "sortnum": 4,
  "read_by_default" : true,
  "pages": [
    {
      "type": "patchouli:spotlight",
      "item": "irons_spellbooks:common_ink",
      "text": "Самые распространённые из чернил (отсюда и название) — обычные чернила могут создавать заклинания самого низкого уровня. Если самый низкий уровень заклинания выше общего, его нельзя создать с помощью обычных чернил. То же самое относится и к другим видам чернил."
    },
    {
      "type": "patchouli:spotlight",
      "item": "irons_spellbooks:uncommon_ink",
      "text": "Менее распространённые, чем обычные, они могут создавать немного более мощные заклинания."
    },
    {
      "type": "patchouli:spotlight",
      "item": "irons_spellbooks:rare_ink",
      "text": "Редкие чернила можно регулярно находить в магических сундуках с сокровищами или убивая мобов, произносящих заклинания."

    },
    {
      "type": "patchouli:spotlight",
      "item": "irons_spellbooks:epic_ink",
      "text": "Лучшее место для эпических чернил и всех других чернил высокой редкости — магические сундуки с сокровищами или убийство мобов, произносящих заклинания."
    },
    {
      "type": "patchouli:spotlight",
      "item": "irons_spellbooks:legendary_ink",
      "text": "Самые редкие чернила создают самые мощные заклинания. Имейте в виду, что некоторые заклинания имеют несколько легендарных уровней, для их получения требуется использовать магическую наковальню."






    },
    {
      "type": "patchouli:empty",
      "draw_filler": false
    }
  ]
}