{
  "name": "鑄造工具",
  "icon": "irons_spellbooks:graybeard_staff",
  "category": "irons_spellbooks:root",
  "sortnum": 3,
  "read_by_default" : true,
  "pages": [
    {
      "type": "patchouli:text",
      "title": "鑄造工具",
      "text": "鑄造工具是可以右鍵點擊（使用）以施放主動法術的物品。大多數情況下，它們還能提供被動效果，讓魔法師發揮出更大的威力。"
    },
    {
      "type": "patchouli:crafting",
      "recipe": "irons_spellbooks:graybeard_staff",
      "text": "一根簡單的棍子就能讓水晶球滾動起來。"
    },
    {
      "type": "patchouli:crafting",
      "recipe": "irons_spellbooks:artificer_cane",
      "text": "有時，只需增加一些風格，就能讓你的陣容更上一層樓。"
    },
    {
      "type": "patchouli:crafting",
      "recipe": "irons_spellbooks:ice_staff",
      "text": "據傳，神秘的霜凍法杖(frosted staff)碎片遍布整個主世界。冰凍法師可能在他的塔中藏有研究成果，揭示了更多秘密。"
    },
    {
      "type": "patchouli:spotlight",
      "item": "irons_spellbooks:blood_staff",
      "text": "這是一把古老的權杖，具有無與倫比的召喚能力，只有從它的亡靈主人手中奪取才能獲得。"
    }
  ]
}