{
  "name": "基礎法術書",
  "icon": "irons_spellbooks:iron_spell_book",
  "category": "irons_spellbooks:root",
  "sortnum": 1,
  "read_by_default" : true,
  "pages": [
    {
      "type": "patchouli:text",
      "title": "可製作的法術書",
      "text": "許多魔法書都可以由原版材料和奧術材料組合而成。每製作一級，魔法書的插槽數量就會增加，通常還會附帶額外的獎勵，從而提高魔法書的威力和可包含的魔法數量。"
    },
    {
      "type": "patchouli:crafting",
      "recipe": "irons_spellbooks:copper_spell_book",
      "recipe2": "irons_spellbooks:iron_spell_book"
    },
    {
      "type": "patchouli:crafting",
      "recipe": "irons_spellbooks:gold_spell_book",
      "recipe2": "irons_spellbooks:diamond_spell_book"
    },
    {
      "type": "patchouli:crafting",
      "recipe": "irons_spellbooks:netherite_spell_book",
      "recipe2": "irons_spellbooks:dragonskin_spell_book"
    },
    {
      "type": "patchouli:text",
      "title": "已命名的法術書",
      "text": "在世界的許多角落都能找到已命名的法術書，幸運的冒險者只要找對了地方，往往就能得到獎勵。"
    },
    {
      "type": "patchouli:spotlight",
      "item": "irons_spellbooks:rotten_spell_book",
      "text": "這本可能曾經是一本更強大的書，如今已經腐爛，只剩下三頁紙。然而，它仍然比大多數原版世界的魔法書更強大。它們可以從整個糜爛之地(rotten places)同樣腐爛的地方掠奪到。"
    },
    {
      "type": "patchouli:spotlight",
      "item": "irons_spellbooks:villager_spell_book",
      "text": "一本普通的書加上一點祝福就能成為一個適合通往神聖魔法的通道。在村民中建立聲譽，尤其是通過從高位喚魔者 (Archevoker) 手中解救俘虜，可以確保最終有一本書落入你的手中。"
    },
    {
      "type": "patchouli:spotlight",
      "item": "irons_spellbooks:blaze_spell_book",
      "text": "每個烈焰使者都藏有一個這樣的東西—但他們自己並不知道。訣竅就是殺死他們，並希望他們不會變成灰燼。"
    },
    {
      "type": "patchouli:crafting",
      "recipe": "irons_spellbooks:druidic_spell_book",
      "text": "廢墟法術書中仍然殘留著強大的魔法能量。如果採取適當的補救措施，這本書可能會重新獲得祝福。"
    }
  ]
}