{
  "name": "卷軸",
  "icon": "irons_spellbooks:scroll",
  "category": "irons_spellbooks:root",
  "sortnum": 0,
  "read_by_default" : true,
  "pages": [
    {
      "type": "patchouli:spotlight",
      "title": "卷軸",
      "item": "irons_spellbooks:scroll",
      "text": "卷軸可以在寶箱中找到，也可以從怪物身上掠奪或製作。每個卷軸都包含一個法術和一個等級，類似於附魔書。同樣，兩個相同種類和等級的卷軸可以在奧術鐵砧中像附魔書一樣升級。"
    },
    {
      "type": "patchouli:text",
      "text": "卷軸可以單獨使用來施放法術，顛覆了施法所需的法力消耗和冷卻時間，但在此過程中會消耗卷軸。卷軸主要被刻入法術書中繼續使用，或通過煉金術士熔爐(Alchemist Cauldron)回收，轉化為更有用的法術。"
    }
  ]
}