{
  "name": "獨特法術書",
  "icon": "irons_spellbooks:evoker_spell_book",
  "category": "irons_spellbooks:root",
  "sortnum": 2,
  "read_by_default" : true,
  "pages": [
    {
      "type": "patchouli:text",
      "title": "獨特法術書",
      "text": "獨特法術書是從某些怪物身上掉落的稀有物品，上面刻有無法刪除或編輯的咒語。並不是每本法術書都能被製造出來，畢竟它被稱為奧術。"
    },
    {
      "type": "patchouli:spotlight",
      "title": "獨特的改造",
      "item": "irons_spellbooks:arcane_anvil",
      "text": "獨特法術書中的法術是鎖定的，但可以提升。將奧術鐵砧中的獨特法術書與法術書中相同咒語的高級卷軸結合起來，就可以提升被鎖定法術的等級。"
    },
    {
      "type": "patchouli:spotlight",
      "item": "irons_spellbooks:evoker_spell_book",
      "text": "喚魔者魔典是一本充滿了基礎幻術的魔法書，喚魔者或他們更強大的施法表親--高位喚魔者(Archevokers)都可以掉落這本書。"
    },
    {
      "type": "patchouli:spotlight",
      "item": "irons_spellbooks:necronomicon_spell_book",
      "text": "這是一本藏有大量黑暗法術的古書，只有從它的亡靈主人那裡才能獲得。"
    }

  ]
}