{
  "type": "ars_nouveau:enchanting_apparatus",
  "keepNbtOfReagent": false,
  "output": {
    "item": "botania:terrasteel_chestplate"
  },
  "pedestalItems": [
    {
      "item": "botania:terrasteel_ingot"
    },
    {
      "item": "botania:manaweave_chestplate"
    },
    {
      "item": "botania:terrasteel_ingot"
    },
    {
      "item": "botania:elementium_chestplate"
    },
    {
      "item": "botania:terrasteel_ingot"
    },
    {
      "item": "minecraft:netherite_chestplate"
    },
    {
      "item": "botania:terrasteel_ingot"
    },
    {
      "item": "ars_nouveau:archmage_robes"
    }
  ],
  "reagent": [
    {
      "item": "hexerei:infused_fabric"
    }
  ],
  "sourceCost": 10000
}