{
  "replace": false,
  "values": [
    {
      "id": "#true_ending:glass_blocks",
      "required": false
    },
    {
      "id": "#true_ending:fence_gates",
      "required": false
    },
    {
      "id": "minecraft:azalea",
      "required": false
    },
    {
      "id": "minecraft:flowering_azalea",
      "required": false
    },
    {
      "id": "#minecraft:banners",
      "required": false
    },
    {
      "id": "minecraft:jack_o_lantern",
      "required": false
    },
    {
      "id": "minecraft:composter",
      "required": false
    },
    {
      "id": "minecraft:honey_block",
      "required": false
    },
    {
      "id": "minecraft:slime_block",
      "required": false
    },
    {
      "id": "minecraft:ice",
      "required": false
    },
    {
      "id": "minecraft:end_rod",
      "required": false
    },
    {
      "id": "minecraft:observer",
      "required": false
    },
    {
      "id": "minecraft:dispenser",
      "required": false
    },
    {
      "id": "minecraft:dropper",
      "required": false
    }
  ]
}
