{
  "name": "Путеводитель Iron's",
  "landing_text": "Iron's Spells 'n Spellbooks это мод на заклинания, вдохновленный RPG. Вы можете сражаться с опасными волшебниками, совершать рейды на структуры, исследовать подземелья, собирать ресурсы и находить могущественные магические предметы. $(l:https://iron431.github.io/Irons-Spellbooks-Docs)Ссылка на вики - здесь$(/l)",
  "version": 1,
  "pamphlet": true,
  "show_progress": false,
  "model": "irons_spellbooks:patchouli_book"
}