{
  "name": "墨水",
  "icon": "irons_spellbooks:epic_ink",
  "category": "irons_spellbooks:root",
  "sortnum": 4,
  "read_by_default" : true,
  "pages": [
    {
      "type": "patchouli:spotlight",
      "item": "irons_spellbooks:common_ink",
      "text": "普通墨水是最常見的墨水（因此得名），可以製作最低等級的法術。如果咒語的最低等級高於普通等級，則不能用普通墨水製作。所有其他墨水也是如此。"
    },
    {
      "type": "patchouli:spotlight",
      "item": "irons_spellbooks:uncommon_ink",
      "text": "它比普通法術更不常見，但可以製作威力稍大的法術。"
    },
    {
      "type": "patchouli:spotlight",
      "item": "irons_spellbooks:rare_ink",
      "text": "稀有墨水應該可以經常在魔法寶箱中找到，或者通過殺死會施法的小怪來獲得。"

    },
    {
      "type": "patchouli:spotlight",
      "item": "irons_spellbooks:epic_ink",
      "text": "史詩墨水和所有其他高稀有度墨水的最佳來源是法寶或擊殺施法怪物。"
    },
    {
      "type": "patchouli:spotlight",
      "item": "irons_spellbooks:legendary_ink",
      "text": "它是最稀有的墨水，能製作出最強大的法術。請記住，有些法術有多個傳奇等級，需要使用奧術鐵砧(Arcane Anvil)才能獲得。"
    },
    {
      "type": "patchouli:empty",
      "draw_filler": false
    }
  ]
}