{
  "name": "Hang Down",
  "icon": "minecraft:stone",
  "category": "parcool:category_actions",
  "pages": [
    {
      "type": "patchouli:text",
      "text": "You can hang down with some blocks like chains or end rods.$(br)You can also move and jump forward by pressing jump key."
    },
    {
      "type": "patchouli:image",
      "border": "true",
      "images": [
        "parcool:textures/gui/entries/image_hang_down.png"
      ]
    },
    {
      "type": "patchouli:text",
      "title": "How to Use",
      "text": "$(list) Press Hang Down Key($(k:parcool.HangDown)) below horizontal thin blocks$(br)"
    }
  ]
}
