{
	"credit": "Made with Blockbench",
	"parent": "blackrosa",
	"texture_size": [64, 64],
	"textures": {
		"0": "./blackrose",
		"particle": "./blackrose"
	},
	"elements": [
		{
			"from": [7, -16, 7],
			"to": [9, 2, 9],
			"faces": {
				"north": {"uv": [1.5, 4.5, 2, 9], "texture": "#0"},
				"east": {"uv": [2, 4.5, 2.5, 9], "texture": "#0"},
				"south": {"uv": [4.5, 2.25, 5, 6.75], "texture": "#0"},
				"west": {"uv": [2.5, 4.5, 3, 9], "texture": "#0"},
				"up": {"uv": [6.5, 2, 6, 1.5], "texture": "#0"},
				"down": {"uv": [0.5, 6.75, 0, 7.25], "texture": "#0"}
			}
		},
		{
			"from": [3, -14, 8],
			"to": [7, -12, 8],
			"faces": {
				"north": {"uv": [6.5, 6, 7.5, 6.5], "texture": "#0"},
				"east": {"uv": [0, 0, 0, 0.5], "texture": "#0"},
				"south": {"uv": [6.5, 6.5, 7.5, 7], "texture": "#0"},
				"west": {"uv": [0, 0, 0, 0.5], "texture": "#0"},
				"up": {"uv": [1, 0, 0, 0], "texture": "#0"},
				"down": {"uv": [1, 0, 0, 0], "texture": "#0"}
			}
		},
		{
			"from": [9, -7, 8],
			"to": [12, -4, 8],
			"faces": {
				"north": {"uv": [6.5, 4.5, 7.25, 5.25], "texture": "#0"},
				"east": {"uv": [0, 0, 0, 0.75], "texture": "#0"},
				"south": {"uv": [6.5, 5.25, 7.25, 6], "texture": "#0"},
				"west": {"uv": [0, 0, 0, 0.75], "texture": "#0"},
				"up": {"uv": [0.75, 0, 0, 0], "texture": "#0"},
				"down": {"uv": [0.75, 0, 0, 0], "texture": "#0"}
			}
		},
		{
			"from": [3.5, 1.75, 4.75],
			"to": [3.5, 10.75, 10.75],
			"rotation": {"angle": 45, "axis": "z", "origin": [5.25, 6.25, 7.75]},
			"faces": {
				"north": {"uv": [0, 0, 0, 2.25], "texture": "#0"},
				"east": {"uv": [0, 0, 1.5, 2.25], "texture": "#0"},
				"south": {"uv": [0, 0, 0, 2.25], "texture": "#0"},
				"west": {"uv": [1.5, 0, 3, 2.25], "texture": "#0"},
				"up": {"uv": [0, 1.5, 0, 0], "texture": "#0"},
				"down": {"uv": [0, 0, 0, 1.5], "texture": "#0"}
			}
		},
		{
			"from": [11.5, -0.75, 4.75],
			"to": [11.5, 8.25, 10.75],
			"rotation": {"angle": -45, "axis": "z", "origin": [13.25, 3.75, 7.75]},
			"faces": {
				"north": {"uv": [0, 0, 0, 2.25], "texture": "#0"},
				"east": {"uv": [0, 2.25, 1.5, 4.5], "texture": "#0"},
				"south": {"uv": [0, 0, 0, 2.25], "texture": "#0"},
				"west": {"uv": [1.5, 2.25, 3, 4.5], "texture": "#0"},
				"up": {"uv": [0, 1.5, 0, 0], "texture": "#0"},
				"down": {"uv": [0, 0, 0, 1.5], "texture": "#0"}
			}
		},
		{
			"from": [5, -0.5, 4.5],
			"to": [11, 8.5, 4.5],
			"rotation": {"angle": -45, "axis": "x", "origin": [8, 4, 2.75]},
			"faces": {
				"north": {"uv": [3, 0, 4.5, 2.25], "texture": "#0"},
				"east": {"uv": [0, 0, 0, 2.25], "texture": "#0"},
				"south": {"uv": [3, 2.25, 4.5, 4.5], "texture": "#0"},
				"west": {"uv": [0, 0, 0, 2.25], "texture": "#0"},
				"up": {"uv": [1.5, 0, 0, 0], "texture": "#0"},
				"down": {"uv": [1.5, 0, 0, 0], "texture": "#0"}
			}
		},
		{
			"from": [5, 0.5, 5.75],
			"to": [11, 6.5, 5.75],
			"rotation": {"angle": -22.5, "axis": "x", "origin": [8, 5, 4]},
			"faces": {
				"north": {"uv": [3, 4.5, 4.5, 6], "texture": "#0"},
				"east": {"uv": [0, 0, 0, 1.5], "texture": "#0"},
				"south": {"uv": [5, 2.25, 6.5, 3.75], "texture": "#0"},
				"west": {"uv": [0, 0, 0, 1.5], "texture": "#0"},
				"up": {"uv": [1.5, 0, 0, 0], "texture": "#0"},
				"down": {"uv": [1.5, 0, 0, 0], "texture": "#0"}
			}
		},
		{
			"from": [5, 1.5, 10.5],
			"to": [11, 7.5, 10.5],
			"rotation": {"angle": 22.5, "axis": "x", "origin": [8, 6, 8.75]},
			"faces": {
				"north": {"uv": [5, 3.75, 6.5, 5.25], "texture": "#0"},
				"east": {"uv": [0, 0, 0, 1.5], "texture": "#0"},
				"south": {"uv": [5, 5.25, 6.5, 6.75], "texture": "#0"},
				"west": {"uv": [0, 0, 0, 1.5], "texture": "#0"},
				"up": {"uv": [1.5, 0, 0, 0], "texture": "#0"},
				"down": {"uv": [1.5, 0, 0, 0], "texture": "#0"}
			}
		},
		{
			"from": [5.25, 2.5, 5.75],
			"to": [5.25, 8.5, 11.75],
			"rotation": {"angle": 22.5, "axis": "z", "origin": [7, 7, 8.75]},
			"faces": {
				"north": {"uv": [0, 0, 0, 1.5], "texture": "#0"},
				"east": {"uv": [6, 0, 7.5, 1.5], "texture": "#0"},
				"south": {"uv": [0, 0, 0, 1.5], "texture": "#0"},
				"west": {"uv": [3, 6, 4.5, 7.5], "texture": "#0"},
				"up": {"uv": [0, 1.5, 0, 0], "texture": "#0"},
				"down": {"uv": [0, 0, 0, 1.5], "texture": "#0"}
			}
		},
		{
			"from": [10.5, 0.75, 5.75],
			"to": [10.5, 6.75, 11.75],
			"rotation": {"angle": -22.5, "axis": "z", "origin": [12.25, 5.25, 8.75]},
			"faces": {
				"north": {"uv": [0, 0, 0, 1.5], "texture": "#0"},
				"east": {"uv": [6.5, 1.5, 8, 3], "texture": "#0"},
				"south": {"uv": [0, 0, 0, 1.5], "texture": "#0"},
				"west": {"uv": [6.5, 3, 8, 4.5], "texture": "#0"},
				"up": {"uv": [0, 1.5, 0, 0], "texture": "#0"},
				"down": {"uv": [0, 0, 0, 1.5], "texture": "#0"}
			}
		},
		{
			"from": [5, 2, 12.75],
			"to": [11, 11, 12.75],
			"rotation": {"angle": 45, "axis": "x", "origin": [8, 6.5, 11]},
			"faces": {
				"north": {"uv": [0, 4.5, 1.5, 6.75], "texture": "#0"},
				"east": {"uv": [0, 0, 0, 2.25], "texture": "#0"},
				"south": {"uv": [4.5, 0, 6, 2.25], "texture": "#0"},
				"west": {"uv": [0, 0, 0, 2.25], "texture": "#0"},
				"up": {"uv": [1.5, 0, 0, 0], "texture": "#0"},
				"down": {"uv": [1.5, 0, 0, 0], "texture": "#0"}
			}
		}
	],
	"display": {
		"thirdperson_righthand": {
			"translation": [0, 15, 1.25]
		},
		"thirdperson_lefthand": {
			"translation": [0, 15, 1.25]
		},
		"firstperson_righthand": {
			"rotation": [-8.31, -7.17, 10.96],
			"translation": [4.75, 11.5, -6]
		},
		"firstperson_lefthand": {
			"rotation": [-8.31, -7.17, 10.96],
			"translation": [4.75, 11.5, -6]
		},
		"ground": {
			"rotation": [-8.82, 11.72, -83.45],
			"translation": [13.25, 0, -2.25]
		},
		"gui": {
			"rotation": [29.75, 48.13, -0.96],
			"translation": [0, 6, 0],
			"scale": [0.7168, 0.67383, 0.77344]
		},
		"fixed": {
			"translation": [0, 10, -0.25]
		}
	},
	"groups": [
		{
			"name": "group",
			"origin": [8, 8, 8],
			"color": 0,
			"nbt": "{}",
			"children": [0, 1, 2, 3, 4, 5, 6, 7, 8, 9, 10]
		}
	]
}