{
	"credit": "Made with Blockbench",
	"parent": "gorn",
	"texture_size": [32, 32],
	"textures": {
		"0": "./gorn"
	},
	"elements": [
		{
			"from": [5, 0, 4],
			"to": [10, 5, 11],
			"faces": {
				"north": {"uv": [8, 8, 10.5, 10.5], "texture": "#0"},
				"east": {"uv": [3, 0, 6.5, 2.5], "texture": "#0"},
				"south": {"uv": [2.5, 8.5, 5, 11], "texture": "#0"},
				"west": {"uv": [3, 2.5, 6.5, 5], "texture": "#0"},
				"up": {"uv": [5.5, 8.5, 3, 5], "texture": "#0"},
				"down": {"uv": [8, 5, 5.5, 8.5], "texture": "#0"}
			}
		},
		{
			"from": [5.5, 1, 11],
			"to": [9.5, 5, 16],
			"rotation": {"angle": -45, "axis": "x", "origin": [7.5, 1, 11]},
			"faces": {
				"north": {"uv": [11, 0, 13, 2], "texture": "#0"},
				"east": {"uv": [5, 8.5, 7.5, 10.5], "texture": "#0"},
				"south": {"uv": [2, 11, 4, 13], "texture": "#0"},
				"west": {"uv": [0, 9, 2.5, 11], "texture": "#0"},
				"up": {"uv": [11, 2.5, 9, 0], "texture": "#0"},
				"down": {"uv": [7, 10.5, 5, 13], "texture": "#0"}
			}
		},
		{
			"from": [6, 4.87348, 11.28033],
			"to": [9, 9.87348, 14.28033],
			"rotation": {"angle": 22.5, "axis": "x", "origin": [7.5, 5, 14.25]},
			"faces": {
				"north": {"uv": [11.5, 10, 13, 12.5], "texture": "#0"},
				"east": {"uv": [7, 12.5, 8.5, 15], "texture": "#0"},
				"south": {"uv": [11.5, 12.5, 13, 15], "texture": "#0"},
				"west": {"uv": [13, 0, 14.5, 2.5], "texture": "#0"},
				"up": {"uv": [8, 4.5, 6.5, 3], "texture": "#0"},
				"down": {"uv": [12.5, 6, 11, 7.5], "texture": "#0"}
			}
		},
		{
			"from": [5.25, 0.75, 10.75],
			"to": [9.75, 5.25, 16.25],
			"rotation": {"angle": -45, "axis": "x", "origin": [7.5, 1, 11]},
			"faces": {
				"north": {"uv": [11, 2, 13, 4], "texture": "#0"},
				"east": {"uv": [7, 10.5, 9.5, 12.5], "texture": "#0"},
				"south": {"uv": [11, 4, 13, 6], "texture": "#0"},
				"west": {"uv": [10.5, 8, 13, 10], "texture": "#0"},
				"up": {"uv": [11.5, 13, 9.5, 10.5], "texture": "#0"},
				"down": {"uv": [2, 11, 0, 13.5], "texture": "#0"}
			}
		},
		{
			"from": [4.5, 0, -1],
			"to": [10.5, 6, 4],
			"rotation": {"angle": 22.5, "axis": "x", "origin": [7.5, 0, 4]},
			"faces": {
				"north": {"uv": [0, 0, 3, 3], "texture": "#0"},
				"east": {"uv": [0, 6, 2.5, 9], "texture": "#0"},
				"south": {"uv": [0, 3, 3, 6], "texture": "#0"},
				"west": {"uv": [6.5, 0, 9, 3], "texture": "#0"},
				"up": {"uv": [11, 5.5, 8, 3], "texture": "#0"},
				"down": {"uv": [11, 5.5, 8, 8], "texture": "#0"}
			}
		}
	],
	"gui_light": "front",
	"display": {
		"thirdperson_righthand": {
			"rotation": [27, 0, 0],
			"translation": [-0.75, 3.75, -0.5],
			"scale": [0.86, 0.86, 0.86]
		},
		"thirdperson_lefthand": {
			"rotation": [27, 0, 0],
			"translation": [-0.75, 3.75, -0.5],
			"scale": [0.86, 0.86, 0.86]
		},
		"firstperson_righthand": {
			"translation": [0, 5.25, -0.25]
		},
		"firstperson_lefthand": {
			"translation": [0, 5.25, -0.25]
		},
		"ground": {
			"translation": [0, 5, 0]
		},
		"gui": {
			"rotation": [-147.48, 64.34, 173.06],
			"translation": [0.25, 3, 0],
			"scale": [0.93, 0.93, 0.93]
		},
		"head": {
			"translation": [0, -7, -12.75]
		},
		"fixed": {
			"rotation": [-90, 0, 0],
			"translation": [0, 0, -16],
			"scale": [2, 2, 2]
		}
	}
}