{
	"credit": "Made with Blockbench",
	"parent": "LuniLuk",
	"texture_size": [64, 64],
	"textures": {
		"1": "./mooon_bow",
		"particle": "./mooon_bow"
	},
	"elements": [
		{
			"from": [6, -7, 5],
			"to": [8, 5, 7],
			"rotation": {"angle": 22.5, "axis": "z", "origin": [7, 3.75, 6]},
			"faces": {
				"north": {"uv": [8.5, 6, 9, 3], "texture": "#1"},
				"east": {"uv": [8.5, 9, 9, 6], "texture": "#1"},
				"south": {"uv": [0, 12, 0.5, 9], "texture": "#1"},
				"west": {"uv": [0.5, 12, 1, 9], "texture": "#1"},
				"up": {"uv": [9.5, 8.75, 9, 8.25], "texture": "#1"},
				"down": {"uv": [9.5, 7.75, 9, 8.25], "texture": "#1"}
			}
		},
		{
			"from": [8, -7, 5],
			"to": [10, -6, 7],
			"rotation": {"angle": 22.5, "axis": "z", "origin": [7, 3.75, 6]},
			"faces": {
				"north": {"uv": [9.5, 6, 10, 6.25], "texture": "#1"},
				"east": {"uv": [7.25, 9.5, 7.75, 9.75], "texture": "#1"},
				"south": {"uv": [7.75, 9.5, 8.25, 9.75], "texture": "#1"},
				"west": {"uv": [9.5, 7.75, 10, 8], "texture": "#1"},
				"up": {"uv": [9.5, 9.25, 9, 8.75], "texture": "#1"},
				"down": {"uv": [9.5, 9.25, 9, 9.75], "texture": "#1"}
			}
		},
		{
			"from": [2, -15, 6],
			"to": [18, -3, 6],
			"rotation": {"angle": 22.5, "axis": "z", "origin": [7, 3.75, 6]},
			"faces": {
				"north": {"uv": [4.5, 9, 8.5, 6], "texture": "#1"},
				"east": {"uv": [0, 0, 0, 3], "texture": "#1"},
				"south": {"uv": [8.5, 9, 4.5, 6], "texture": "#1"},
				"west": {"uv": [0, 0, 0, 3], "texture": "#1"},
				"up": {"uv": [4, 0, 0, 0], "texture": "#1"},
				"down": {"uv": [4, 0, 0, 0], "texture": "#1"}
			}
		},
		{
			"from": [6, 11, 5],
			"to": [8, 23, 7],
			"rotation": {"angle": -22.5, "axis": "z", "origin": [7, 11.25, 6]},
			"faces": {
				"north": {"uv": [8.5, 3, 9, 6], "texture": "#1"},
				"east": {"uv": [8.5, 6, 9, 9], "texture": "#1"},
				"south": {"uv": [0, 9, 0.5, 12], "texture": "#1"},
				"west": {"uv": [0.5, 9, 1, 12], "texture": "#1"},
				"up": {"uv": [9.5, 8.25, 9, 7.75], "texture": "#1"},
				"down": {"uv": [8.5, 9, 8, 9.5], "texture": "#1"}
			}
		},
		{
			"from": [8, 22, 5],
			"to": [10, 23, 7],
			"rotation": {"angle": -22.5, "axis": "z", "origin": [7, 11.25, 6]},
			"faces": {
				"north": {"uv": [9.5, 8, 10, 8.25], "texture": "#1"},
				"east": {"uv": [8.25, 9.5, 8.75, 9.75], "texture": "#1"},
				"south": {"uv": [9.5, 8.25, 10, 8.5], "texture": "#1"},
				"west": {"uv": [9.5, 8.5, 10, 8.75], "texture": "#1"},
				"up": {"uv": [3.5, 10, 3, 9.5], "texture": "#1"},
				"down": {"uv": [4, 9.5, 3.5, 10], "texture": "#1"}
			}
		},
		{
			"from": [2, 19, 6],
			"to": [18, 31, 6],
			"rotation": {"angle": -22.5, "axis": "z", "origin": [7, 11.25, 6]},
			"faces": {
				"north": {"uv": [4.5, 6, 8.5, 9], "texture": "#1"},
				"east": {"uv": [0, 0, 0, 3], "texture": "#1"},
				"south": {"uv": [8.5, 6, 4.5, 9], "texture": "#1"},
				"west": {"uv": [0, 0, 0, 3], "texture": "#1"},
				"up": {"uv": [4, 0, 0, 0], "texture": "#1"},
				"down": {"uv": [4, 0, 0, 0], "texture": "#1"}
			}
		},
		{
			"from": [2.9, 9.9, 4.9],
			"to": [10.1, 12.1, 7.1],
			"rotation": {"angle": 22.5, "axis": "z", "origin": [6.5, 11, 6]},
			"faces": {
				"north": {"uv": [6.25, 9, 8, 9.5], "texture": "#1"},
				"east": {"uv": [4, 10, 4.5, 9.5], "texture": "#1"},
				"south": {"uv": [9, 3, 10.75, 3.5], "texture": "#1"},
				"west": {"uv": [9.5, 4.5, 10, 5], "texture": "#1"},
				"up": {"uv": [10.75, 4, 9, 3.5], "texture": "#1"},
				"down": {"uv": [10.75, 4, 9, 4.5], "texture": "#1"}
			}
		},
		{
			"from": [2.9, 3.9, 4.9],
			"to": [10.1, 6.1, 7.1],
			"rotation": {"angle": -22.5, "axis": "z", "origin": [6.5, 5, 6]},
			"faces": {
				"north": {"uv": [6.25, 9.5, 8, 9], "texture": "#1"},
				"east": {"uv": [4, 9.5, 4.5, 10], "texture": "#1"},
				"south": {"uv": [9, 3.5, 10.75, 3], "texture": "#1"},
				"west": {"uv": [9.5, 5, 10, 4.5], "texture": "#1"},
				"up": {"uv": [10.75, 4.5, 9, 4], "texture": "#1"},
				"down": {"uv": [10.75, 3.5, 9, 4], "texture": "#1"}
			}
		},
		{
			"from": [7, 4, 5],
			"to": [9, 11, 7],
			"faces": {
				"north": {"uv": [9, 4.5, 9.5, 6.25], "texture": "#1"},
				"east": {"uv": [4.75, 9, 5.25, 10.75], "texture": "#1"},
				"south": {"uv": [5.25, 9, 5.75, 10.75], "texture": "#1"},
				"west": {"uv": [5.75, 9, 6.25, 10.75], "texture": "#1"},
				"up": {"uv": [10, 5.5, 9.5, 5], "texture": "#1"},
				"down": {"uv": [10, 5.5, 9.5, 6], "texture": "#1"}
			}
		},
		{
			"from": [8.75, -10.5, 6],
			"to": [27, 7.75, 6],
			"rotation": {"angle": 45, "axis": "z", "origin": [9, 9, 2]},
			"faces": {
				"north": {"uv": [0, 0, 4.5, 4.5], "texture": "#1"},
				"east": {"uv": [0, 0, 0, 4.5], "texture": "#1"},
				"south": {"uv": [4.5, 0, 0, 4.5], "texture": "#1"},
				"west": {"uv": [0, 0, 0, 4.5], "texture": "#1"},
				"up": {"uv": [4.5, 0, 0, 0], "texture": "#1"},
				"down": {"uv": [4.5, 0, 0, 0], "texture": "#1"}
			}
		}
	],
	"display": {
		"thirdperson_righthand": {
			"rotation": [0, -90, 0],
			"translation": [-2, -2, 1]
		},
		"thirdperson_lefthand": {
			"rotation": [0, 90, 0],
			"translation": [1.75, -2, 1]
		},
		"firstperson_righthand": {
			"rotation": [180, -88.25, 180],
			"translation": [0, 3.5, -2.75]
		},
		"firstperson_lefthand": {
			"rotation": [180, 88.25, 180],
			"translation": [5.75, 3.5, -2.75]
		},
		"ground": {
			"rotation": [68.82, -19.88, -28.68],
			"translation": [0, 0.75, 0]
		},
		"gui": {
			"rotation": [-172.34, 29.46, 178.34],
			"translation": [1.75, 0, 0],
			"scale": [0.34, 0.34, 0.34]
		},
		"head": {
			"rotation": [0, 0, 91],
			"translation": [0, 7.5, 0]
		},
		"fixed": {
			"translation": [0, 0, 1.5]
		}
	},
	"groups": [
		{
			"name": "group",
			"origin": [8, 8, 8],
			"color": 0,
			"nbt": "{}",
			"children": [0, 1, 2]
		},
		{
			"name": "group",
			"origin": [0, 0, 0],
			"color": 0,
			"nbt": "{}",
			"children": [3, 4, 5]
		},
		6,
		7,
		8,
		9
	]
}