{
	"credit": "Made with Blockbench",
	"textures": {
		"1": "./orange_interworldly_maski_tem"
	},
	"elements": [
		{
			"from": [4, 0, 1],
			"to": [12, 8, 4],
			"faces": {
				"north": {"uv": [0, 0, 4, 4], "texture": "#1"},
				"east": {"uv": [3, 4, 5, 8], "texture": "#1"},
				"south": {"uv": [0, 0, 4, 4], "texture": "#1"},
				"west": {"uv": [3, 4, 5, 8], "texture": "#1"},
				"up": {"uv": [0, 10.5, 4, 12], "rotation": 180, "texture": "#1"},
				"down": {"uv": [8, 3, 12, 4], "rotation": 180, "texture": "#1"}
			}
		},
		{
			"from": [3.75, -0.25, 0.75],
			"to": [12.25, 8.25, 4.25],
			"faces": {
				"north": {"uv": [4, 8, 8, 12], "texture": "#1"},
				"east": {"uv": [12, 4, 11, 8], "texture": "#1"},
				"south": {"uv": [4, 8, 8, 12], "texture": "#1"},
				"west": {"uv": [11, 4, 12, 8], "texture": "#1"},
				"up": {"uv": [4, 8.5, 8, 10], "rotation": 180, "texture": "#1"},
				"down": {"uv": [4, 11, 8, 12], "rotation": 180, "texture": "#1"}
			}
		},
		{
			"from": [4, 3, 4],
			"to": [12, 5, 15],
			"faces": {
				"north": {"uv": [8, 8, 16, 16], "texture": "#1"},
				"east": {"uv": [4, 1.5, 8, 2.5], "texture": "#1"},
				"south": {"uv": [4, 1.5, 8, 2.5], "texture": "#1"},
				"west": {"uv": [4, 1.5, 8, 2.5], "texture": "#1"},
				"up": {"uv": [8, 8, 16, 16], "rotation": 270, "texture": "#1"},
				"down": {"uv": [8, 8, 16, 16], "rotation": 90, "texture": "#1"}
			}
		}
	],
	"display": {
		"thirdperson_righthand": {
			"translation": [0, 1.75, 4.25]
		},
		"thirdperson_lefthand": {
			"translation": [0, 1.75, 4.25]
		},
		"firstperson_righthand": {
			"translation": [4.25, 3, 1.25]
		},
		"firstperson_lefthand": {
			"translation": [4.25, 3, 1.25]
		},
		"ground": {
			"translation": [0, 6.25, 0]
		},
		"gui": {
			"rotation": [-153.15, 32.57, 136.77],
			"translation": [-1.25, 3.75, 0]
		},
		"head": {
			"translation": [0, 6.5, 0],
			"scale": [1.67578, 1.58789, 1]
		},
		"fixed": {
			"translation": [0, 0, 5.5]
		}
	}
}