{
	"credit": "Made with Blockbench",
	"parent": "PeroHetintepa",
	"texture_size": [32, 32],
	"textures": {
		"1": "./perohetintepa_1",
		"particle": "./perohetintepa_1"
	},
	"elements": [
		{
			"from": [8, 0, 7],
			"to": [9, 11, 8],
			"faces": {
				"north": {"uv": [4.5, 8.5, 5, 14], "texture": "#1"},
				"east": {"uv": [8.5, 8.5, 9, 14], "texture": "#1"},
				"south": {"uv": [9, 8.5, 9.5, 14], "texture": "#1"},
				"west": {"uv": [9.5, 8.5, 10, 14], "texture": "#1"},
				"up": {"uv": [4.5, 11.5, 4, 11], "texture": "#1"},
				"down": {"uv": [6.5, 11, 6, 11.5], "texture": "#1"}
			}
		},
		{
			"from": [7.75, -0.25, 6.75],
			"to": [9.25, 11.25, 8.25],
			"faces": {
				"north": {"uv": [10, 6, 10.5, 11.5], "texture": "#1"},
				"east": {"uv": [10.5, 6, 11, 11.5], "texture": "#1"},
				"south": {"uv": [6.5, 10.5, 7, 16], "texture": "#1"},
				"west": {"uv": [7, 10.5, 7.5, 16], "texture": "#1"},
				"up": {"uv": [4.5, 12, 4, 11.5], "texture": "#1"},
				"down": {"uv": [6.5, 11.5, 6, 12], "texture": "#1"}
			}
		},
		{
			"from": [7.5, 11, 5],
			"to": [9.5, 16, 9],
			"rotation": {"angle": -22.5, "axis": "x", "origin": [8.5, 11, 8]},
			"faces": {
				"north": {"uv": [7.5, 10.5, 8.5, 13], "texture": "#1"},
				"east": {"uv": [3, 6, 5, 8.5], "texture": "#1"},
				"south": {"uv": [0, 11, 1, 13.5], "texture": "#1"},
				"west": {"uv": [6.5, 3, 8.5, 5.5], "texture": "#1"},
				"up": {"uv": [4, 13, 3, 11], "texture": "#1"},
				"down": {"uv": [6, 11, 5, 13], "texture": "#1"}
			}
		},
		{
			"from": [7.35, 12.35, 5.85],
			"to": [9.65, 14.65, 8.15],
			"rotation": {"angle": -22.5, "axis": "x", "origin": [8.5, 11, 8]},
			"faces": {
				"north": {"uv": [11, 10, 12, 11], "texture": "#1"},
				"east": {"uv": [11, 11, 12, 12], "texture": "#1"},
				"south": {"uv": [11.5, 3, 12.5, 4], "texture": "#1"},
				"west": {"uv": [11.5, 4, 12.5, 5], "texture": "#1"},
				"up": {"uv": [12.5, 6, 11.5, 5], "texture": "#1"},
				"down": {"uv": [11, 11.5, 10, 12.5], "texture": "#1"}
			}
		},
		{
			"from": [7.25, 10.75, 4.75],
			"to": [9.75, 16.25, 9.25],
			"rotation": {"angle": -22.5, "axis": "x", "origin": [8.5, 11, 8]},
			"faces": {
				"north": {"uv": [1, 11, 2, 13.5], "texture": "#1"},
				"east": {"uv": [6.5, 5.5, 8.5, 8], "texture": "#1"},
				"south": {"uv": [2, 11, 3, 13.5], "texture": "#1"},
				"west": {"uv": [6.5, 8, 8.5, 10.5], "texture": "#1"},
				"up": {"uv": [12, 8, 11, 6], "texture": "#1"},
				"down": {"uv": [12, 8, 11, 10], "texture": "#1"}
			}
		},
		{
			"from": [8.5, 16, 4],
			"to": [8.5, 28, 9],
			"rotation": {"angle": -22.5, "axis": "x", "origin": [8.5, 11, 8]},
			"faces": {
				"north": {"uv": [0, 0, 0, 6], "texture": "#1"},
				"east": {"uv": [0, 0, 2.5, 6], "texture": "#1"},
				"south": {"uv": [0, 0, 0, 6], "texture": "#1"},
				"west": {"uv": [2.5, 0, 0, 6], "texture": "#1"},
				"up": {"uv": [0, 2.5, 0, 0], "texture": "#1"},
				"down": {"uv": [0, 0, 0, 2.5], "texture": "#1"}
			}
		},
		{
			"from": [8.51, 15, 4],
			"to": [8.51, 26, 7],
			"faces": {
				"north": {"uv": [0, 0, 0, 5.5], "texture": "#1"},
				"east": {"uv": [5, 0, 6.5, 5.5], "texture": "#1"},
				"south": {"uv": [0, 0, 0, 5.5], "texture": "#1"},
				"west": {"uv": [6.5, 0, 5, 5.5], "texture": "#1"},
				"up": {"uv": [0, 1.5, 0, 0], "texture": "#1"},
				"down": {"uv": [0, 0, 0, 1.5], "texture": "#1"}
			}
		},
		{
			"from": [8.51, 14, 7],
			"to": [8.51, 19, 10],
			"faces": {
				"north": {"uv": [0, 0, 0, 5], "texture": "#1"},
				"east": {"uv": [0, 6, 1.5, 8.5], "texture": "#1"},
				"south": {"uv": [0, 0, 0, 5], "texture": "#1"},
				"west": {"uv": [1.5, 6, 0, 8.5], "texture": "#1"},
				"up": {"uv": [0, 1.5, 0, 0], "texture": "#1"},
				"down": {"uv": [0, 0, 0, 1.5], "texture": "#1"}
			}
		},
		{
			"from": [8.51, 9, 8.25],
			"to": [8.51, 14, 11.25],
			"faces": {
				"north": {"uv": [0, 0, 0, 5], "texture": "#1"},
				"east": {"uv": [0, 6, 1.5, 8.5], "texture": "#1"},
				"south": {"uv": [0, 0, 0, 5], "texture": "#1"},
				"west": {"uv": [1.5, 6, 0, 8.5], "texture": "#1"},
				"up": {"uv": [0, 1.5, 0, 0], "texture": "#1"},
				"down": {"uv": [0, 0, 0, 1.5], "texture": "#1"}
			}
		},
		{
			"from": [8.52, 7, 4],
			"to": [8.52, 12, 7],
			"faces": {
				"north": {"uv": [0, 0, 0, 2.5], "texture": "#1"},
				"east": {"uv": [3, 8.5, 4.5, 11], "texture": "#1"},
				"south": {"uv": [0, 0, 0, 2.5], "texture": "#1"},
				"west": {"uv": [4.5, 8.5, 3, 11], "texture": "#1"},
				"up": {"uv": [0, 1.5, 0, 0], "texture": "#1"},
				"down": {"uv": [0, 0, 0, 1.5], "texture": "#1"}
			}
		},
		{
			"from": [8.49, 14, -6],
			"to": [8.49, 17, 5],
			"rotation": {"angle": 45, "axis": "x", "origin": [8.49, 14.5, 3.5]},
			"faces": {
				"north": {"uv": [0, 0, 0, 1.5], "texture": "#1"},
				"east": {"uv": [6.5, 0, 12, 1.5], "texture": "#1"},
				"south": {"uv": [0, 0, 0, 1.5], "texture": "#1"},
				"west": {"uv": [12, 0, 6.5, 1.5], "texture": "#1"},
				"up": {"uv": [0, 5.5, 0, 0], "texture": "#1"},
				"down": {"uv": [0, 0, 0, 5.5], "texture": "#1"}
			}
		},
		{
			"from": [8.51, 11, 1],
			"to": [8.51, 17, 4],
			"rotation": {"angle": -22.5, "axis": "x", "origin": [8.49, 14.5, 3.5]},
			"faces": {
				"north": {"uv": [0, 0, 0, 3], "rotation": 180, "texture": "#1"},
				"east": {"uv": [8.5, 3, 11.5, 4.5], "rotation": 270, "texture": "#1"},
				"south": {"uv": [0, 3, 0, 0], "texture": "#1"},
				"west": {"uv": [11.5, 3, 8.5, 4.5], "rotation": 90, "texture": "#1"},
				"up": {"uv": [0, 0, 0, 1.5], "rotation": 180, "texture": "#1"},
				"down": {"uv": [0, 0, 0, 1.5], "texture": "#1"}
			}
		}
	],
	"gui_light": "front",
	"display": {
		"thirdperson_righthand": {
			"rotation": [-135, 0, -180],
			"translation": [-0.25, 0.5, 0],
			"scale": [0.51, 0.51, 0.51]
		},
		"thirdperson_lefthand": {
			"rotation": [-135, 0, -180],
			"translation": [-0.5, 0.5, 0],
			"scale": [0.51, 0.51, 0.51]
		},
		"firstperson_righthand": {
			"rotation": [-165.5, -0.25, -180],
			"translation": [1, 0.5, -2]
		},
		"firstperson_lefthand": {
			"rotation": [-165.5, -0.25, -180],
			"translation": [1, 0.5, -2]
		},
		"ground": {
			"rotation": [-39.53, 20.72, -53.97],
			"translation": [-2.75, 2.25, 2.75]
		},
		"gui": {
			"rotation": [-87.1, 64.44, 87.38],
			"translation": [2.75, -2.25, 0],
			"scale": [0.6, 0.6, 0.6]
		},
		"head": {
			"rotation": [-115.25, 0, -180],
			"translation": [-6.75, -0.75, -3]
		},
		"fixed": {
			"rotation": [0, 90, 0],
			"translation": [2.5, -5, 0]
		}
	}
}