{
	"credit": "Made with Blockbench",
	"parent": "perzatki_monty",
	"texture_size": [64, 64],
	"textures": {
		"0": "./perzatki_monty",
		"particle": "./perzatki_monty"
	},
	"elements": [
		{
			"from": [-13, 0, 0],
			"to": [-6, 5, 7],
			"rotation": {"angle": 0, "axis": "y", "origin": [-13, 0, 0]},
			"faces": {
				"north": {"uv": [5, 3, 6.75, 4.25], "texture": "#0"},
				"east": {"uv": [5, 4.25, 6.75, 5.5], "texture": "#0"},
				"south": {"uv": [5.25, 0, 7, 1.25], "texture": "#0"},
				"west": {"uv": [5.25, 1.25, 7, 2.5], "texture": "#0"},
				"up": {"uv": [1.75, 1.75, 0, 0], "texture": "#0"},
				"down": {"uv": [1.75, 1.75, 0, 3.5], "texture": "#0"}
			}
		},
		{
			"from": [-12.75, 5, 0.25],
			"to": [-6.25, 10, 6.5],
			"rotation": {"angle": 0, "axis": "y", "origin": [-13, 0, 0]},
			"faces": {
				"north": {"uv": [5, 5.5, 6.75, 6.75], "texture": "#0"},
				"east": {"uv": [7, 0, 8.5, 1.25], "texture": "#0"},
				"south": {"uv": [3, 6, 4.75, 7.25], "texture": "#0"},
				"west": {"uv": [7, 1.25, 8.5, 2.5], "texture": "#0"},
				"up": {"uv": [1.75, 5, 0, 3.5], "texture": "#0"},
				"down": {"uv": [5.25, 0, 3.5, 1.5], "texture": "#0"}
			}
		},
		{
			"from": [-9.375, 6.25, 6.375],
			"to": [-7.125, 8.75, 8.375],
			"rotation": {"angle": 22.5, "axis": "x", "origin": [-6.75, 8.75, 6.375]},
			"faces": {
				"north": {"uv": [3, 5, 3.5, 5.75], "texture": "#0"},
				"east": {"uv": [1.75, 6.5, 2.25, 7.25], "texture": "#0"},
				"south": {"uv": [2.25, 6.5, 2.75, 7.25], "texture": "#0"},
				"west": {"uv": [3, 8.5, 3.5, 9.25], "texture": "#0"},
				"up": {"uv": [5.75, 3, 5.25, 2.5], "texture": "#0"},
				"down": {"uv": [6.25, 2.5, 5.75, 3], "texture": "#0"}
			}
		},
		{
			"from": [-11, 6.25, 0.75],
			"to": [-5.5, 11.25, 6.25],
			"rotation": {"angle": 0, "axis": "y", "origin": [-11.75, -0.25, 1]},
			"faces": {
				"north": {"uv": [1.75, 7.25, 3.25, 8.5], "texture": "#0"},
				"east": {"uv": [3.25, 7.25, 4.75, 8.5], "texture": "#0"},
				"south": {"uv": [6.5, 7.5, 8, 8.75], "texture": "#0"},
				"west": {"uv": [0, 7.75, 1.5, 9], "texture": "#0"},
				"up": {"uv": [5, 4.5, 3.5, 3], "texture": "#0"},
				"down": {"uv": [5, 4.5, 3.5, 6], "texture": "#0"}
			}
		},
		{
			"from": [0, 0, 0],
			"to": [7, 5, 7],
			"faces": {
				"north": {"uv": [0, 6.5, 1.75, 7.75], "texture": "#0"},
				"east": {"uv": [6.75, 2.5, 8.5, 3.75], "texture": "#0"},
				"south": {"uv": [6.75, 3.75, 8.5, 5], "texture": "#0"},
				"west": {"uv": [4.75, 6.75, 6.5, 8], "texture": "#0"},
				"up": {"uv": [3.5, 1.75, 1.75, 0], "texture": "#0"},
				"down": {"uv": [3.5, 1.75, 1.75, 3.5], "texture": "#0"}
			}
		},
		{
			"from": [0.25, 5, 0.25],
			"to": [6.75, 10, 6.5],
			"faces": {
				"north": {"uv": [6.75, 5, 8.5, 6.25], "texture": "#0"},
				"east": {"uv": [4.75, 8, 6.25, 9.25], "texture": "#0"},
				"south": {"uv": [6.75, 6.25, 8.5, 7.5], "texture": "#0"},
				"west": {"uv": [8, 7.5, 9.5, 8.75], "texture": "#0"},
				"up": {"uv": [5.25, 3, 3.5, 1.5], "texture": "#0"},
				"down": {"uv": [3.5, 3.5, 1.75, 5], "texture": "#0"}
			}
		},
		{
			"from": [1.625, 6.25, 6.375],
			"to": [3.875, 8.75, 8.375],
			"rotation": {"angle": 22.5, "axis": "x", "origin": [4.25, 8.75, 6.375]},
			"faces": {
				"north": {"uv": [3.5, 8.5, 4, 9.25], "texture": "#0"},
				"east": {"uv": [8.5, 3.75, 9, 4.5], "texture": "#0"},
				"south": {"uv": [4, 8.5, 4.5, 9.25], "texture": "#0"},
				"west": {"uv": [8.5, 4.5, 9, 5.25], "texture": "#0"},
				"up": {"uv": [6.75, 3, 6.25, 2.5], "texture": "#0"},
				"down": {"uv": [9, 5.25, 8.5, 5.75], "texture": "#0"}
			}
		},
		{
			"from": [-1, 6.25, 0.75],
			"to": [4.5, 11.25, 6.25],
			"rotation": {"angle": 0, "axis": "y", "origin": [-1.75, -0.25, 1]},
			"faces": {
				"north": {"uv": [8.5, 0, 10, 1.25], "texture": "#0"},
				"east": {"uv": [8.5, 1.25, 10, 2.5], "texture": "#0"},
				"south": {"uv": [1.5, 8.5, 3, 9.75], "texture": "#0"},
				"west": {"uv": [8.5, 2.5, 10, 3.75], "texture": "#0"},
				"up": {"uv": [1.5, 6.5, 0, 5], "texture": "#0"},
				"down": {"uv": [3, 5, 1.5, 6.5], "texture": "#0"}
			}
		}
	],
	"display": {
		"thirdperson_righthand": {
			"rotation": [-89, 0, 0],
			"translation": [4.75, 2.75, -3.75]
		},
		"thirdperson_lefthand": {
			"rotation": [-89, 0, 0],
			"translation": [-16.75, 2.75, -3.75]
		},
		"firstperson_righthand": {
			"rotation": [0, -180, -5],
			"translation": [-8.5, 2.75, -9.75]
		},
		"firstperson_lefthand": {
			"rotation": [0, -180, -5],
			"translation": [12, 2.75, -9.75]
		},
		"ground": {
			"translation": [12.25, 5.25, 6]
		},
		"gui": {
			"rotation": [32, 24, 0],
			"translation": [11, 1.75, 0],
			"scale": [0.9, 0.9, 0.9]
		},
		"head": {
			"translation": [9, 0, 0],
			"scale": [0.81, 1.43, 0.99]
		},
		"fixed": {
			"translation": [11, 0, 0]
		}
	},
	"groups": [
		{
			"name": "group",
			"origin": [8, 8, 8],
			"color": 0,
			"nbt": "{}",
			"children": [
				0,
				1,
				2,
				3,
				{
					"name": "group",
					"origin": [8, 8, 8],
					"color": 0,
					"nbt": "{}",
					"children": [4, 5, 6, 7]
				}
			]
		}
	]
}