{
	"credit": "Made with Blockbench",
	"parent": "Shiels",
	"texture_size": [64, 64],
	"textures": {
		"1": "./shield",
		"particle": "./shield"
	},
	"elements": [
		{
			"from": [2, 1, 6],
			"to": [9, 17, 7],
			"rotation": {"angle": 0, "axis": "y", "origin": [1, 0, -1]},
			"faces": {
				"north": {"uv": [7.75, 6, 6, 10], "texture": "#1"},
				"east": {"uv": [7.75, 5.25, 8, 9], "texture": "#1"},
				"south": {"uv": [4.25, 6, 6, 10], "texture": "#1"},
				"west": {"uv": [8, 5.25, 8.25, 9], "texture": "#1"},
				"up": {"uv": [10.5, 8.5, 8.75, 8.25], "texture": "#1"},
				"down": {"uv": [10.5, 8.5, 8.75, 8.75], "texture": "#1"}
			}
		},
		{
			"from": [-2, -5, 6.01],
			"to": [9, 20, 6.01],
			"rotation": {"angle": 0, "axis": "y", "origin": [1, 0, -1]},
			"faces": {
				"north": {"uv": [0, 0.25, 2.75, 6.5], "texture": "#1"},
				"east": {"uv": [0, 0, 0, 6.5], "texture": "#1"},
				"south": {"uv": [2.75, 0.25, 0, 6.5], "texture": "#1"},
				"west": {"uv": [0, 0, 0, 6.5], "texture": "#1"},
				"up": {"uv": [2.5, 0, 0, 0], "texture": "#1"},
				"down": {"uv": [2.5, 0, 0, 0], "texture": "#1"}
			}
		},
		{
			"from": [9, 1, 6],
			"to": [16, 17, 7],
			"rotation": {"angle": -45, "axis": "y", "origin": [9, 5.5, 6]},
			"faces": {
				"north": {"uv": [6, 6, 7.75, 10], "texture": "#1"},
				"east": {"uv": [8.25, 5.25, 8.5, 9], "texture": "#1"},
				"south": {"uv": [6, 6, 4.25, 10], "texture": "#1"},
				"west": {"uv": [8.5, 5.25, 8.75, 9], "texture": "#1"},
				"up": {"uv": [10.5, 9, 8.75, 8.75], "texture": "#1"},
				"down": {"uv": [10.75, 3.75, 9, 4], "texture": "#1"}
			}
		},
		{
			"from": [9, -5, 6.001],
			"to": [20, 20, 6.001],
			"rotation": {"angle": -45, "axis": "y", "origin": [9, 5.5, 6]},
			"faces": {
				"north": {"uv": [2.75, 0.25, 0, 6.5], "texture": "#1"},
				"east": {"uv": [0, 0, 0, 6.5], "texture": "#1"},
				"south": {"uv": [0, 0.25, 2.75, 6.5], "texture": "#1"},
				"west": {"uv": [0, 0, 0, 6.5], "texture": "#1"},
				"up": {"uv": [2.5, 0, 0, 0], "texture": "#1"},
				"down": {"uv": [2.5, 0, 0, 0], "texture": "#1"}
			}
		},
		{
			"from": [9.90538, 7, 7.73254],
			"to": [10.90538, 10, 10.73254],
			"rotation": {"angle": -22.5, "axis": "y", "origin": [8.15538, 7.5, 8.73254]},
			"faces": {
				"north": {"uv": [7.5, 5.25, 7.75, 6], "texture": "#1"},
				"east": {"uv": [8.75, 5.25, 9.5, 6], "texture": "#1"},
				"south": {"uv": [9, 4.5, 9.25, 5.25], "texture": "#1"},
				"west": {"uv": [8.75, 6, 9.5, 6.75], "texture": "#1"},
				"up": {"uv": [8, 9.75, 7.75, 9], "texture": "#1"},
				"down": {"uv": [8.25, 9, 8, 9.75], "texture": "#1"}
			}
		},
		{
			"from": [4.90538, 7, 7.73254],
			"to": [5.90538, 10, 10.73254],
			"rotation": {"angle": -22.5, "axis": "y", "origin": [8.15538, 7.5, 8.73254]},
			"faces": {
				"north": {"uv": [8.75, 9, 9, 9.75], "texture": "#1"},
				"east": {"uv": [8.75, 6.75, 9.5, 7.5], "texture": "#1"},
				"south": {"uv": [9, 9, 9.25, 9.75], "texture": "#1"},
				"west": {"uv": [8.75, 7.5, 9.5, 8.25], "texture": "#1"},
				"up": {"uv": [9.5, 0.75, 9.25, 0], "texture": "#1"},
				"down": {"uv": [9.5, 0.75, 9.25, 1.5], "texture": "#1"}
			}
		},
		{
			"from": [4.90538, 7, 10.73254],
			"to": [10.90538, 10, 11.73254],
			"rotation": {"angle": -22.5, "axis": "y", "origin": [8.15538, 7.5, 8.73254]},
			"faces": {
				"north": {"uv": [7.5, 3.75, 9, 4.5], "texture": "#1"},
				"east": {"uv": [8.25, 9, 8.5, 9.75], "texture": "#1"},
				"south": {"uv": [7.5, 4.5, 9, 5.25], "texture": "#1"},
				"west": {"uv": [8.5, 9, 8.75, 9.75], "texture": "#1"},
				"up": {"uv": [10.5, 4.25, 9, 4], "texture": "#1"},
				"down": {"uv": [10.5, 4.25, 9, 4.5], "texture": "#1"}
			}
		}
	],
	"gui_light": "front",
	"display": {
		"thirdperson_righthand": {
			"rotation": [88.06, -68.83, -0.57],
			"translation": [1, -1.75, 2.25],
			"scale": [0.91, 0.91, 0.91]
		},
		"thirdperson_lefthand": {
			"rotation": [88.06, -109, -0.57],
			"translation": [1, -1.75, 2.25],
			"scale": [0.91, 0.91, 0.91]
		},
		"firstperson_righthand": {
			"translation": [0.75, -3, 0]
		},
		"firstperson_lefthand": {
			"translation": [0.75, -3, 0]
		},
		"ground": {
			"rotation": [76, 0.82, 1.12],
			"translation": [0, 4, 0]
		},
		"gui": {
			"rotation": [-180, -18.75, -180],
			"translation": [0, 0.5, 0],
			"scale": [0.54, 0.54, 0.54]
		},
		"head": {
			"rotation": [0, 22.25, 0],
			"translation": [0, 0, -8]
		},
		"fixed": {
			"rotation": [0, 21, 0],
			"translation": [0, 0, -0.75],
			"scale": [2.01, 2.01, 2.01]
		}
	}
}