{
	"credit": "Made with Blockbench",
	"parent": "blackrosa",
	"texture_size": [64, 64],
	"textures": {
		"1": "./staff_jodah_1"
	},
	"elements": [
		{
			"from": [7, -9, 7],
			"to": [9, 9, 9],
			"faces": {
				"north": {"uv": [1.5, 5, 2, 9.5], "texture": "#1"},
				"east": {"uv": [2, 5, 2.5, 9.5], "texture": "#1"},
				"south": {"uv": [2.5, 5, 3, 9.5], "texture": "#1"},
				"west": {"uv": [3, 5, 3.5, 9.5], "texture": "#1"},
				"up": {"uv": [5.5, 7.25, 5, 6.75], "texture": "#1"},
				"down": {"uv": [7.25, 5, 6.75, 5.5], "texture": "#1"}
			}
		},
		{
			"from": [6.75, -9.25, 6.75],
			"to": [9.25, 9.25, 9.25],
			"faces": {
				"north": {"uv": [0, 5, 0.5, 9.5], "texture": "#1"},
				"east": {"uv": [5, 0, 5.5, 4.5], "texture": "#1"},
				"south": {"uv": [0.5, 5, 1, 9.5], "texture": "#1"},
				"west": {"uv": [1, 5, 1.5, 9.5], "texture": "#1"},
				"up": {"uv": [5.5, 5, 5, 4.5], "texture": "#1"},
				"down": {"uv": [5, 6.75, 4.5, 7.25], "texture": "#1"}
			}
		},
		{
			"from": [6.5, 9, 5],
			"to": [9.5, 12, 11],
			"faces": {
				"north": {"uv": [6.25, 1.75, 7, 2.5], "texture": "#1"},
				"east": {"uv": [5.5, 3.5, 7, 4.25], "texture": "#1"},
				"south": {"uv": [6.25, 2.5, 7, 3.25], "texture": "#1"},
				"west": {"uv": [5.5, 4.25, 7, 5], "texture": "#1"},
				"up": {"uv": [6.25, 6.75, 5.5, 5.25], "texture": "#1"},
				"down": {"uv": [7, 0.25, 6.25, 1.75], "texture": "#1"}
			}
		},
		{
			"from": [6.5, 10, 4],
			"to": [9.5, 17, 5],
			"faces": {
				"north": {"uv": [5.5, 0, 6.25, 1.75], "texture": "#1"},
				"east": {"uv": [6.25, 5, 6.5, 6.75], "texture": "#1"},
				"south": {"uv": [5.5, 1.75, 6.25, 3.5], "texture": "#1"},
				"west": {"uv": [6.5, 5, 6.75, 6.75], "texture": "#1"},
				"up": {"uv": [7, 3.5, 6.25, 3.25], "texture": "#1"},
				"down": {"uv": [6.75, 6.75, 6, 7], "texture": "#1"}
			}
		},
		{
			"from": [7, 17, 4],
			"to": [9, 18, 6],
			"faces": {
				"north": {"uv": [6.75, 6, 7.25, 6.25], "texture": "#1"},
				"east": {"uv": [6.75, 6.25, 7.25, 6.5], "texture": "#1"},
				"south": {"uv": [6.75, 6.5, 7.25, 6.75], "texture": "#1"},
				"west": {"uv": [6.75, 6.75, 7.25, 7], "texture": "#1"},
				"up": {"uv": [6, 7.25, 5.5, 6.75], "texture": "#1"},
				"down": {"uv": [7.25, 5.5, 6.75, 6], "texture": "#1"}
			}
		},
		{
			"from": [7.5, 10, 11],
			"to": [8.5, 15, 12],
			"faces": {
				"north": {"uv": [3.5, 6.75, 3.75, 8], "texture": "#1"},
				"east": {"uv": [3.75, 6.75, 4, 8], "texture": "#1"},
				"south": {"uv": [4, 6.75, 4.25, 8], "texture": "#1"},
				"west": {"uv": [4.25, 6.75, 4.5, 8], "texture": "#1"},
				"up": {"uv": [7.25, 0.25, 7, 0], "texture": "#1"},
				"down": {"uv": [7.25, 0.25, 7, 0.5], "texture": "#1"}
			}
		},
		{
			"from": [8, 12, 5],
			"to": [8, 32, 15],
			"faces": {
				"north": {"uv": [0, 0, 0, 5], "texture": "#1"},
				"east": {"uv": [0, 0, 2.5, 5], "texture": "#1"},
				"south": {"uv": [0, 0, 0, 5], "texture": "#1"},
				"west": {"uv": [2.5, 0, 0, 5], "texture": "#1"},
				"up": {"uv": [0, 2.5, 0, 0], "texture": "#1"},
				"down": {"uv": [0, 0, 0, 2.5], "texture": "#1"}
			}
		},
		{
			"from": [8, -16, 6],
			"to": [8, -9, 10],
			"faces": {
				"north": {"uv": [0, 0, 0, 1.75], "texture": "#1"},
				"east": {"uv": [3.5, 5, 4.5, 6.75], "texture": "#1"},
				"south": {"uv": [0, 0, 0, 1.75], "texture": "#1"},
				"west": {"uv": [4.5, 5, 3.5, 6.75], "texture": "#1"},
				"up": {"uv": [0, 1, 0, 0], "texture": "#1"},
				"down": {"uv": [0, 0, 0, 1], "texture": "#1"}
			}
		}
	],
	"display": {
		"thirdperson_righthand": {
			"translation": [-0.25, 3, 0.25]
		},
		"thirdperson_lefthand": {
			"translation": [-0.25, 3, 0.25]
		},
		"firstperson_righthand": {
			"rotation": [-13.28, -2.3, 9.5],
			"translation": [0, 2.75, 0]
		},
		"firstperson_lefthand": {
			"rotation": [-13.28, -2.3, 9.5],
			"translation": [0, 2.75, 0]
		},
		"ground": {
			"rotation": [15.28, 9.91, 65.79],
			"translation": [0, 7, 0]
		},
		"gui": {
			"rotation": [-90, -36.75, -90],
			"translation": [0, -0.25, 0],
			"scale": [0.38, 0.38, 0.38]
		},
		"head": {
			"rotation": [-81.75, 0, 0],
			"translation": [0, 7.75, -5.5]
		},
		"fixed": {
			"rotation": [0, 90, 0],
			"translation": [0, 13.75, 0],
			"scale": [2, 2, 2]
		}
	}
}