{
	"credit": "Made with Blockbench",
	"parent": "SunItem",
	"texture_size": [32, 32],
	"textures": {
		"0": "./sun"
	},
	"elements": [
		{
			"from": [4, 4, 4],
			"to": [12, 12, 12],
			"faces": {
				"north": {"uv": [0, 0, 4, 4], "texture": "#0"},
				"east": {"uv": [0, 0, 4, 4], "texture": "#0"},
				"south": {"uv": [0, 0, 4, 4], "texture": "#0"},
				"west": {"uv": [0, 0, 4, 4], "texture": "#0"},
				"up": {"uv": [4, 4, 0, 0], "texture": "#0"},
				"down": {"uv": [4, 0, 0, 4], "texture": "#0"}
			}
		},
		{
			"from": [12.75, 12.75, 12.75],
			"to": [3.25, 3.25, 3.25],
			"faces": {
				"north": {"uv": [4, 0, 8, 4], "texture": "#0"},
				"east": {"uv": [4, 0, 8, 4], "texture": "#0"},
				"south": {"uv": [4, 0, 8, 4], "texture": "#0"},
				"west": {"uv": [4, 0, 8, 4], "texture": "#0"},
				"up": {"uv": [8, 4, 4, 0], "texture": "#0"},
				"down": {"uv": [8, 0, 4, 4], "texture": "#0"}
			}
		}
	],
	"gui_light": "front",
	"display": {
		"thirdperson_righthand": {
			"rotation": [75, 45, 0],
			"translation": [-0.5, 2, 0],
			"scale": [0.375, 0.375, 0.375]
		},
		"thirdperson_lefthand": {
			"rotation": [75, 45, 0],
			"translation": [-0.5, 2, 0],
			"scale": [0.375, 0.375, 0.375]
		},
		"ground": {
			"translation": [0, 2, 0]
		},
		"gui": {
			"rotation": [2, -3.68, 0.54],
			"scale": [1.25, 1.25, 1.25]
		},
		"head": {
			"scale": [1.85, 1.85, 1.85]
		},
		"fixed": {
			"translation": [0, 0.25, -6.75],
			"scale": [2, 2, 2]
		}
	}
}