{
	"credit": "Made with Blockbench",
	"parent": "Svitochek",
	"texture_size": [32, 32],
	"textures": {
		"0": "./svrp"
	},
	"elements": [
		{
			"from": [4, 12, 6.5],
			"to": [11, 14, 8.5],
			"rotation": {"angle": -45, "axis": "x", "origin": [7.5, 13.5, 8]},
			"faces": {
				"north": {"uv": [4.5, 0, 8, 1], "texture": "#0"},
				"east": {"uv": [8, 5, 9, 6], "texture": "#0"},
				"south": {"uv": [4.5, 1, 8, 2], "texture": "#0"},
				"west": {"uv": [5.5, 8, 6.5, 9], "texture": "#0"},
				"up": {"uv": [8, 3, 4.5, 2], "texture": "#0"},
				"down": {"uv": [8, 3, 4.5, 4], "texture": "#0"}
			}
		},
		{
			"from": [1.85, 11.85, 6.35],
			"to": [4.15, 14.15, 8.65],
			"rotation": {"angle": -45, "axis": "x", "origin": [7.5, 13.5, 8]},
			"faces": {
				"north": {"uv": [8, 6, 9, 7], "texture": "#0"},
				"east": {"uv": [6.5, 8, 7.5, 9], "texture": "#0"},
				"south": {"uv": [8, 7, 9, 8], "texture": "#0"},
				"west": {"uv": [7.5, 8, 8.5, 9], "texture": "#0"},
				"up": {"uv": [9.5, 9, 8.5, 8], "texture": "#0"},
				"down": {"uv": [1, 9, 0, 10], "texture": "#0"}
			}
		},
		{
			"from": [10.85, 11.85, 6.35],
			"to": [13.15, 14.15, 8.65],
			"rotation": {"angle": -45, "axis": "x", "origin": [7.5, 13.5, 8]},
			"faces": {
				"north": {"uv": [9, 0, 10, 1], "texture": "#0"},
				"east": {"uv": [1, 9, 2, 10], "texture": "#0"},
				"south": {"uv": [9, 1, 10, 2], "texture": "#0"},
				"west": {"uv": [2, 9, 3, 10], "texture": "#0"},
				"up": {"uv": [10, 3, 9, 2], "texture": "#0"},
				"down": {"uv": [4, 9, 3, 10], "texture": "#0"}
			}
		},
		{
			"from": [4, 0, 7],
			"to": [11, 2, 9],
			"rotation": {"angle": -45, "axis": "x", "origin": [7.5, 1, 8]},
			"faces": {
				"north": {"uv": [4.5, 4, 8, 5], "texture": "#0"},
				"east": {"uv": [9, 6, 10, 7], "texture": "#0"},
				"south": {"uv": [4.5, 5, 8, 6], "texture": "#0"},
				"west": {"uv": [7, 9, 8, 10], "texture": "#0"},
				"up": {"uv": [8, 7, 4.5, 6], "texture": "#0"},
				"down": {"uv": [8, 7, 4.5, 8], "texture": "#0"}
			}
		},
		{
			"from": [1.85, -0.15, 6.85],
			"to": [4.15, 2.15, 9.15],
			"rotation": {"angle": -45, "axis": "x", "origin": [7.5, 1, 8]},
			"faces": {
				"north": {"uv": [8, 0, 9, 1], "texture": "#0"},
				"east": {"uv": [8, 1, 9, 2], "texture": "#0"},
				"south": {"uv": [8, 2, 9, 3], "texture": "#0"},
				"west": {"uv": [8, 3, 9, 4], "texture": "#0"},
				"up": {"uv": [9, 5, 8, 4], "texture": "#0"},
				"down": {"uv": [5.5, 8, 4.5, 9], "texture": "#0"}
			}
		},
		{
			"from": [10.85, -0.15, 6.85],
			"to": [13.15, 2.15, 9.15],
			"rotation": {"angle": -45, "axis": "x", "origin": [7.5, 1, 8]},
			"faces": {
				"north": {"uv": [9, 3, 10, 4], "texture": "#0"},
				"east": {"uv": [4, 9, 5, 10], "texture": "#0"},
				"south": {"uv": [9, 4, 10, 5], "texture": "#0"},
				"west": {"uv": [5, 9, 6, 10], "texture": "#0"},
				"up": {"uv": [10, 6, 9, 5], "texture": "#0"},
				"down": {"uv": [7, 9, 6, 10], "texture": "#0"}
			}
		},
		{
			"from": [3, 2.4, 8],
			"to": [12, 11.4, 8],
			"rotation": {"angle": 0, "axis": "x", "origin": [7.5, 2, 9]},
			"faces": {
				"north": {"uv": [0, 0, 4.5, 4.5], "texture": "#0"},
				"east": {"uv": [0, 0, 0, 4.5], "texture": "#0"},
				"south": {"uv": [4.5, 0, 0, 4.5], "texture": "#0"},
				"west": {"uv": [0, 0, 0, 4.5], "texture": "#0"},
				"up": {"uv": [4.5, 0, 0, 0], "texture": "#0"},
				"down": {"uv": [4.5, 0, 0, 0], "texture": "#0"}
			}
		},
		{
			"from": [6.5, 13.20711, 7],
			"to": [8.5, 15.20711, 9],
			"rotation": {"angle": 0, "axis": "x", "origin": [7.5, 13.5, 8]},
			"faces": {
				"north": {"uv": [1, 11, 0, 10], "rotation": 180, "texture": "#0"},
				"east": {"uv": [8, 9, 9, 10], "rotation": 90, "texture": "#0"},
				"south": {"uv": [11, 0, 10, 1], "texture": "#0"},
				"west": {"uv": [9.5, 8, 10.5, 9], "rotation": 270, "texture": "#0"},
				"up": {"uv": [9, 9, 10, 10], "texture": "#0"},
				"down": {"uv": [9, 7, 10, 8], "rotation": 180, "texture": "#0"}
			}
		}
	],
	"gui_light": "front",
	"display": {
		"thirdperson_righthand": {
			"translation": [0, -0.25, -0.5]
		},
		"thirdperson_lefthand": {
			"translation": [0, -0.25, -0.5]
		},
		"firstperson_righthand": {
			"rotation": [178.46, 19.25, -179.84],
			"translation": [0.5, 4.75, 1]
		},
		"firstperson_lefthand": {
			"rotation": [178.46, 19.25, -179.84],
			"translation": [0.5, 4.75, 1]
		},
		"ground": {
			"rotation": [42.81, 6.47, 16.44],
			"translation": [0, 2.5, 0]
		},
		"gui": {
			"rotation": [-165.5, 26, -180],
			"translation": [-0.5, 0.75, 0],
			"scale": [0.86, 0.86, 0.86]
		},
		"head": {
			"translation": [0.5, 0.75, -7.25]
		},
		"fixed": {
			"translation": [0.5, 1.75, 0.25]
		}
	}
}