{
  "type": "createsifter:sifting",
  "ingredients": [
    {
      "item": "createsifter:brass_mesh"
    },
    {
      "item": "minecraft:soul_sand"
    }
  ],
  "processingTime": 500,
  "results": [
    {
      "chance": 0.6,
      "item": "minecraft:soul_soil"
    },
    {
      "chance": 0.1,
      "item": "minecraft:phantom_membrane"
    },
    {
      "chance": 0.1,
      "item": "ars_nouveau:wilden_wing"
    },
    {
      "chance": 0.1,
      "item": "ars_nouveau:wilden_spike"
    },
    {
      "chance": 0.1,
      "item": "ars_nouveau:wilden_horn"
    }
  ]
}