{
  "type": "createsifter:sifting",
  "ingredients": [
    {
      "item": "createsifter:andesite_mesh"
    },
    {
      "item": "undergarden:sediment"
    }
  ],
  "processingTime": 500,
  "results": [
    {
      "chance": 0.2,
      "item": "minecraft:wheat_seeds"
    },
    {
      "chance": 0.2,
      "item": "minecraft:beetroot_seeds"
	},
    {
      "chance": 0.2,
      "item": "minecraft:bamboo"
    },
    {
      "chance": 0.2,
      "item": "minecraft:potato"
    },
    {
      "chance": 0.2,
      "item": "minecraft:carrot"
    }
  ]
}