{
  "type": "hexerei:mixingcauldron",
  "liquid": {
    "fluid": "minecraft:water"
  },
  "ingredients": [
    {
      "item": "undergarden:regalium_block"
    },
    {
      "item": "hexerei:selenite_shard"
    },
    {
      "item": "forbidden_arcanus:arcane_crystal_dust"
    },
    {
      "item": "minecraft:amethyst_shard"
    },
    {
      "item": "minecraft:redstone"
    },
    {
      "item": "minecraft:amethyst_shard"
    },
    {
      "item": "forbidden_arcanus:arcane_crystal_dust"
    },
    {
      "item": "hexerei:selenite_shard"
    }
  ],
  "output": {
    "item": "irons_spellbooks:arcane_essence",
	"count": 2
  },
  "liquidOutput": {
    "fluid": "minecraft:water"
  },
  "fluidLevelsConsumed": 0
}