{
  "type": "hexerei:mixingcauldron",
  "liquid": {
    "fluid": "minecraft:water"
  },
  "ingredients": [
    {
      "item": "dimdungeons:item_homeward_pearl"
    },
    {
      "item": "minecraft:chain"
    },
    {
      "item": "forbidden_arcanus:obsidian_ingot"
    },
    {
      "item": "irons_spellbooks:arcane_essence"
    },
    {
      "item": "hookshot:hookshot"
    },
    {
      "item": "irons_spellbooks:arcane_essence"
    },
    {
      "item": "forbidden_arcanus:obsidian_ingot"
    },
    {
      "item": "minecraft:chain"
    }
  ],
  "output": {
    "item": "hookshot:longshot"
  },
  "liquidOutput": {
    "fluid": "minecraft:water"
  },
  "fluidLevelsConsumed": 0
}