{
  "type": "hexerei:mixingcauldron",
  "liquid": {
    "fluid": "hexerei:blood_fluid"
  },
  "ingredients": [

    {
      "item": "kubejs:resonating_crystall_7"
    },
    {
      "item": "forbidden_arcanus:obsidian_ingot"
    },
    {
      "item": "forbidden_arcanus:obsidian_ingot"
    },
    {
      "item": "forbidden_arcanus:obsidian_ingot"
    },
    {
      "item": "forbidden_arcanus:obsidian_ingot"
    },
    {
      "item": "forbidden_arcanus:obsidian_ingot"
    },
    {
      "item": "forbidden_arcanus:obsidian_ingot"
    },
    {
      "item": "forbidden_arcanus:obsidian_ingot"
    }
  ],
  "output": {
    "item": "kubejs:resonating_crystall_7",
	"count": 2
  },
  "liquidOutput": {
    "fluid": "minecraft:water"
  },
  "fluidLevelsConsumed": 2000,
  "heatRequirement": "heated"
}