{
  "type": "hexerei:mixingcauldron",
  "liquid": {
    "fluid": "minecraft:water"
  },
  "ingredients": [
    {
      "item": "twilightforest:magic_map_focus"
    },
    {
      "item": "enigmaticlegacy:thicc_scroll"
    },
    {
      "item": "waystones:warp_dust"
    },
    {
      "item": "enigmaticlegacy:thicc_scroll"
    },
    {
      "item": "waystones:warp_dust"
    },
    {
      "item": "enigmaticlegacy:thicc_scroll"
    },
    {
      "item": "waystones:warp_dust"
    },
    {
      "item": "enigmaticlegacy:thicc_scroll"
    }
  ],
  "output": {
    "item": "waystones:return_scroll",
	"count": 4
  },
  "liquidOutput": {
    "fluid": "minecraft:water"
  },
  "fluidLevelsConsumed": 0
}