{
  "type": "create:sequenced_assembly",
  "ingredient": {
    "tag": "forge:ingots/gold"
  },
  "transitionalItem": {
    "item": "minecraft:gold_ingot"
  },
  "sequence": [
    {
      "type": "create:pressing",
      "ingredients": [
        {
          "item": "minecraft:gold_ingot"
        }
      ],
      "results": [
        {
          "item": "minecraft:gold_ingot"
        }
      ]
    }
  ],
    "results": [
    {
      "chance": 0.66,
      "item": "create:golden_sheet"
    },
    {
      "chance": 0.34,
      "item": "minecraft:gold_nugget"
    }
  ],
  "loops": 3
}
