{
	"name": "Расширенные портальные ключи",
	"icon": "dimdungeons:textures/item/item_key_level2.png",
	"category": "dimdungeons:keys",
	"sortnum": 3,
	"advancement": "dimdungeons:dungeons/enter_basic_dungeon",
	"pages": [
		{
			"type": "text",
			"text": "Исследуя подземелья, вы можете изредка встретить блоки $(item)портальных замочных скважин$(). В них содержатся $(item)продвинутые портальные ключи$(), и это единственный способ найти их. Эти ключи открывают порталы в подземелья, которые в два раза больше по размеру и содержат гораздо более качественный лут!"
		},
		{
			"type": "text",
			"text": "Есть несколько моментов, которые следует знать об этих специальных ключах. Во-первых, перед их использованием, ваш портал нужно будет улучшить. Во-вторых, монстры внутри будут намного сильнее, и могут появиться сложные комнаты. Вы должны быть хорошо экипированы и подготовлены к продвинутому подземелью!"
		}
	]
}