{
	"name": "Станция гравировки ключей",
	"icon": "dimdungeons:block_key_charger",
	"category": "dimdungeons:artifacts",
	"sortnum": 20,
	"advancement": "dimdungeons:dungeons/find_key_charger",
	"pages": [
		{
			"type": "spotlight",
			"item": "dimdungeons:block_key_charger",
			"text": "Вы нашли переносной блок (bold)станции гравировки ключей!()Этот блок позволяет активировать пустые портальные ключи так же, как и рамка портала края. Однако он имеет ограниченное число применений и может сломаться."
		},
		{
			"type": "text",
			"text": "Станция гравировки ключей имеет 3 уровня повреждений, как, например, наковальня. Вероятность того, что каждое использование нанесет один уровень повреждения, регулируется, но по умолчанию вероятность равна 100%. Поэтому станцию гравировки ключей можно использовать всего 3 раза, прежде чем она сломается."
		}
	]
}