{
	"name": "Колокол Секретов",
	"icon": "dimdungeons:textures/item/item_secret_bell_1.png",
	"category": "dimdungeons:artifacts",
	"sortnum": 10,
	"advancement": "dimdungeons:dungeons/find_bell_1",
	"pages": [
		{
			"type": "spotlight",
			"item": "dimdungeons:item_secret_bell{upgrade:1}",
			"text": "Вы нашли редкий $(bold)Колокол Секретов!$() При звоне он издаст мелодию из 2 нот. 
Вы нашли редкий Колокол Секретов!  При звоне он издаст мелодию из 2 нот. Но если поблизости есть сундук с сокровищами или бочка, он заиграет протяжную мелодию из 8 нот! Попробуйте позвенеть им в каждой комнате подземелья."
		},
		{
			"type": "text",
			"text": "Из-за магической природы колокол работает только в измерениях подземелий.  В любом другом измерении Колокол Секретов странным образом молчит.$(br2)Для технически подкованных игроков: блоки, которые активируют секретный звон, определяются тегом блока  'dimdungeons:dimdungeons_secret_chime_blocks'."
		}
	]
}