{
	"name": "[ОТРЕДАКТИРОВАНО]",
	"icon": "dimdungeons:textures/item/item_secret_bell_2.png",
	"category": "dimdungeons:artifacts",
	"sortnum": 11,
	"secret": true,
	"advancement": "dimdungeons:dungeons/find_bell_2",
	"pages": [
		{
			"type": "spotlight",
			"item": "dimdungeons:item_secret_bell{upgrade:2}",
			"text": "Вы нашли улучшенный $(k)Колокол Секретов$()! Он работает так же, как и обычный Колокол Секретов, но при этом действует во всех измерениях!"
		},
		{
			"type": "text",
			"text": "Этот предмет нельзя получить в версии 1.13; но опять же, сокровища из будущего не самое странное, что можно найти в подземельи."
		}
	]
}