{
	"name": "Ключ от телепортационного хаба",
	"icon": "dimdungeons:item_blank_teleporter_key",
	"category": "dimdungeons:artifacts",
	"sortnum": 60,
	"advancement": "dimdungeons:dungeons/find_teleporter_key",
	"pages": [
		{
			"type": "spotlight",
			"item": "dimdungeons:item_blank_teleporter_key",
			"text": "Вы нашли ключ от $(bold)Телепортационного Хаба!$() Технически, каждый телепортационный хаб является подземельем, но там нет монстров или сокровищ. Вместо этого, там есть просторная комната с 8 дверями, ведущими к 8 порталам. У каждой из этих дверей есть свой собственный ключ."
		},
		{
			"type": "text",
			"text": "В данный момент вы держите ключ от первой из 8 дверей. Войдя внутрь, вы сможете забрать остальные 7 ключей. Порталы, которые вы построите с помощью этих ключей, будут логически связаны. Теперь у вас есть возможность быстро путешествовать на огромные расстояния и даже между измерениями по вашему желанию!"
		},
		{
			"type": "text",
			"text": "Не забывайте, что порталы в измерение подземелья можно строить в любом измерении. Вы можете использовать свои ключи, чтобы создать короткий путь между вашей базой, крепостью и внешними островами. Каждый найденный вами пустой ключ от телепортационного хаба приведет вас к новому хабу с семью другими ключами. Все ключи от телепортационного хаба являются незаменимыми, поэтому не теряйте их!"
		}
	]
}