{
	"name": "Ключ измерения",
	"icon": "dimdungeons:item_key_build",
	"category": "dimdungeons:artifacts",
	"sortnum": 40,
	"advancement": "dimdungeons:dungeons/activate_basic_key",
	"pages": [
		{
			"type": "spotlight",
			"item": "dimdungeons:item_key_build",
			"text": "Вы создали ключ к своему $(bold)личному измерению!$() Это  пространство размером 8x8, где вы можете строить все, что угодно! Там можно построить ферму, использовать его как мобильную базу или воспользоваться ровной поверхностью для создания пиксель-артов!"
		},
		{
			"type": "text",
			"text": "Не волнуйтесь, если потеряете ключ от своего измерения. Все пустые ключи от личных измерений, которые вы активируете, приведут вас обратно в ваше измерение. То же самое касается и других игроков в многопользовательской игре."
		}
	]
}