{
	"name": "Портальные ключи",
	"icon": "dimdungeons:textures/item/item_key_level1.png",
	"category": "dimdungeons:keys",
	"sortnum": 2,
	"pages": [
		{
			"type": "text",
			"text": "Как только вы создадите свой портал, вам понадобится ключ, для которого потребуются: $(li)Стержень ифрита$(li)Бирка$(br)Скорее всего, вам понадобится несколько ключей, поэтому лучше всего создать их как можно больше прямо сейчас."
		},
		{
			"type":   "crafting",
			"recipe": "dimdungeons:recipe_item_blank_key",
			"text":   "Это создает пустой ключ."
		},
		{
			"type": "text",
			"text": "Пустые ключи нельзя использовать для входа в подземелье, пока они не активированы. Активация ключа записывает на него имя и местоположение случайно сгенерированного подземелья.$(br2)Для ритуала активации требуется использовать ($(k:use)) $(item)пустой ключ$() на дыре в раме портала Края.Раме портала Края не обязательно быть частью действующего портала Края."
		},
		{
			"type": "text",
			"text": "Если все рамы портала Края заняты, вы можете использовать ключ, чтобы сломать$(item)Око Края $() в одной из рам. Это не разрушает портал в Край.$(br2)После активации ключа, вы можете установить его ($(k:use)) блок ключевины вашего портала. 'Использование' ($(k:use)) блока ключевины активного портала извлечет ключ и закроет портал."
		},
		{
			"type": "text",
			"text": "Эти ключи можно активировать и нанести надпись только один раз; поэтому для каждого нового подземелья, которое вы исследуете, вам нужно будет изготовить и активировать новый ключ. Однако ключи не расходуются при использовании в скважине, и старые ключи можно использовать повторно, чтобы снова открывать порталы, ведущие в то же самое подземелье.  Иногда вы можете найти вескую причину вернуться в старое подземелье!"
		}
	]
}