{
	"name": "Основная рамка портала",
	"icon": "dimdungeons:block_gilded_portal",
	"category": "dimdungeons:portals",
	"sortnum": 2,
	"pages": [
		{
			"type": "text",
			"text": "Первым делом, вот список минимальных материалов: $(li)9x Каменных кирпичей$(li)3x Тесаных каменных кирпичей$(li)24x Золотых слитка$(li)1x Сундук-ловушка$(li)1x Око края$(br)Вы также можете использовать потрескавшиеся или мшистые каменные кирпичи.$(br2)Важно помнить, что вам также потребуется создавать и активировать ключи. Постройка рамки портала - это только первый шаг."
		},
		{
			"type": "crafting",
			"recipe": "dimdungeons:recipe_block_gilded_portal",
			"text": "Сначала создайте три золотых портальных блока"
		},
		{
			"type": "crafting",
			"recipe": "dimdungeons:recipe_block_portal_keyhole",
			"text": "Затем используйте один золотой портальный блок для создания блока-отверстия для ключа портала."
		},
		{
			"type": "multiblock",
			"multiblock": {
				"pattern": [
					[" "," "," ","K"," "," "," "],
					["G"," ","B"," ","B"," ","G"],
					["B"," ","B","0","B"," ","B"],
					["B"," "," ","B"," "," ","B"]
				],
				"mapping": {
					"K": "dimdungeons:block_portal_keyhole",
					"G": "dimdungeons:block_gilded_portal",
					"B": "minecraft:stone_bricks"
				}
			},
			"text": "Затем постройте портал, как показано."
		},
		{
			"type": "text",
			"text": "Украсить портал настоятельно рекомендуется!  Вы можете заполнять любые воздушные блоки вокруг него любыми другими блоками, кроме двух центральных, где формируется портал.  Также неплохо будет углубить портал на один блок в землю или построить к нему ступеньки."
		}
	]
}