{
    "name": "Введение",
    "icon": "dimdungeons:block_portal_keyhole",
    "category": "dimdungeons:introduction",	
	"sortnum": 2,
    "pages": [
        {
            "type": "text",
            "text": "Dimensional Dungeons добавляет в Minecraft практически бесконечное количество процедурно генерируемых подземелий! Все эти подземелья находятся в отдельном измерении, попасть в которое можно через портал, построенный в любом месте Верхнего мира. Это делает подземелья бесконечными источниками ресурсов и позволяет проходить их снова и снова, получая новый увлекательный игровой опыт."
        },
        {
            "type": "text",
            "text": "В этом измерении с подземельями ограничена возможность строить и разрушать блоки.  Это значит, что вы не сможете просто перебросить мост через полосу препятствий или построить забор вокруг враждебных существ, чтобы избежать боя.  Также, поскольку расстановка факелов невозможна, освещение играет важную роль - вам придётся полагаться на источники света, уже имеющиеся в подземелье.  И, кстати, унести с собой блоки из этого измерения тоже нельзя (если, конечно, на сервере не отключена защита блоков в настройках)."
		},
        {
            "type": "text",
            "text": "Помимо сложного дизайна комнат, подземелья также случайным образом заполняются врагами и ценной добычей!  Доступ к комнатам с ценными сундуками с сокровищами часто требует решения головоломок, проверяющих ваши знания игровых механик Minecraft."
		},
        {
            "type": "text",
            "text": "Чтобы попасть в измерение с подземельями, вам понадобятся рамка портала и как минимум один активированный ключ от портала.  В этом руководстве вы найдёте подробные инструкции по созданию и активации обоих предметов."
		}
    ]
}