{
    "name": "Версия 177",
    "icon": "minecraft:book",
    "category": "dimdungeons:patch_notes",	
	"sortnum": 177,
    "pages": [
        {
            "type": "text",
            "text": "$(li)В добавление к существующим, появились две новые комнаты на башне. $(li)Тематические ключи теперь появляются в подземельях высокого уровня.
$(li)Новые блоки данных для создателей пользовательских комнат."
        }	
    ]
}