{
    "name": "Патч 1.11",
    "icon": "minecraft:book",
    "category": "dimdungeons:patch_notes",	
	"sortnum": 110,
    "pages": [
        {
            "type": "text",
            "text": "$(li)В подземельях продвинутого уровня появились новые ОГРОМНЫЕ комнаты.$(li)Помимо прочего, в подземельях появились новые комнаты.$(li)Откорректированы модели блоков Золотой портал и Корона портала."
        }
    ]
}