{
    "name": "Патч 1.12",
    "icon": "minecraft:book",
    "category": "dimdungeons:patch_notes",	
	"sortnum": 120,
    "pages": [
        {
            "type": "text",
            "text": "$(li)Добавлена рабочая станция для записи ключей.$(li)Добавлен хардкор режим в конфигурацию сервера.$(li)Добавлен предмет жемчужина возврата."
        },
        {
            "type": "text",
            "text": "$(li)Теперь различные характеристики мобов можно настроить.$(li)Ведьмы и Виндикаторы теперь появляются в подземельях продвинутого уровня! (Возможность появления можно настроить)"
		}
    ]
}