{
    "name": "Патч 160",
    "icon": "minecraft:book",
    "category": "dimdungeons:patch_notes",	
	"sortnum": 160,
    "pages": [
        {
            "type": "text",
            "text": "$(li)Добавлены специальные предметы $(bold)Чистые продвинутые ключи$() и $(bold)Чистые тематические ключи$() Они пригодятся, если вы создаете собственные сборки модов.$(li)Реализована поддержка стороннего мода JEI$(li)Исправлена ошибка, из-за которой крыши больших комнат отображались некорректно"
        },
        {
            "type": "text",
            "text": "$(li)Больше не должно возникать кратковременного мерцания экрана при разрушении или установке блоков.$(li)Действие при поедании плода хоруса стало более плавным."
		}		
    ]
}