{
    "name": "Версия 179",
    "icon": "minecraft:book",
    "category": "dimdungeons:patch_notes",	
	"sortnum": 179,
    "pages": [
        {
            "type": "text",
            "text": "$(li)Игроки творческого режима теперь обходят защиту от блокировки. $(li)Обновлен китайский перевод, спасибо DoloC8! $(li)Обновлен русский перевод, спасибо George-bruh! $(li)Еще больше исправлений ошибок в комнатах."
        }	
    ]
}