{
    "name": "Version 178",
    "icon": "minecraft:book",
    "category": "dimdungeons:patch_notes",	
	"sortnum": 178,
    "pages": [
        {
            "type": "text",
            "text": "$(li)Глобальное обновление комнат! Функциональные и эстетические изменения в более чем 50 помещениях! $(li)Добавлены опции конфигурации для отключения каждого измерения. $(li)Убраны запертые сундуки, добавленные в предыдущей версии.

"
        }	
    ]
}