{
    "name": "Патч 1.13.4",
    "icon": "minecraft:book",
    "category": "dimdungeons:patch_notes",	
	"sortnum": 130,
    "pages": [
        {
            "type": "text",
            "text": "$(li)Большое количество комнат было обновлено, улучшен дизайн и функциональность.$(li)Некоторые блоки получили новые текстуры, созданные автором MrDenn.$(li)Теперь порталы в подземелья можно строить в любом измерении.$(li)Исправлены некоторые комнаты, в которых игроки могли застрять.$(li)Улучшена функциональность Колокола Тайн. Теперь он работает как положено."
        },
        {
            "type": "text",
            "text": "$(li)Устранены различные баги, связанные с границей мира.$(li)Добавлены подземелья, оформленные в разных стилях!$(li)Теперь враги могут случайно носить с собой ключи от тематических подземелий.$(li)Кирка стала официальным инструментом для добычи всех блоков, добавленных этим модом."
		}		
    ]
}