{
    "name": "Патч 1.10",
    "icon": "minecraft:book",
    "category": "dimdungeons:patch_notes",	
	"sortnum": 100,
    "pages": [
        {
            "type": "text",
            "text": "$(li)Эндермены и Шалкеры больше не могут телепортироваться внутри подземелий.$(li)Игроки больше не могут использовать плод хоруса для телепортации внутрь подземелий.$(li)Добавлен Колокол Тайн! Он поможет вам найти спрятанные сокровища. Его можно найти в сундуках."
        },
        {
            "type": "text",
            "text": "$(li)Добавлен новый чит /givekey, который принимает несколько параметров.$(li)Обновленная система распределения предметов и содержимое таблиц лута$(li)Во многих комнатах проведены изменения$(li)Теперь подземелья базового и продвинутого уровней имеют более существенные отличия друг от друга."
		}
    ]
}