{
    "name": "Патч 154",
    "icon": "minecraft:book",
    "category": "dimdungeons:patch_notes",	
	"sortnum": 154,
    "pages": [
        {
            "type": "text",
            "text": "$(li)Значительно ускорена генерация подземелий!$(li)Практически устранена задержка при создании подземелья!$(li)Исправлена ошибка с блоком Замочная скважина."
        },
        {
            "type": "text",
            "text": "$(li)Порталы больше не ведут в пустоту.$(li)Ускорен процесс строительства: По умолчанию скорость строительства подземелья увеличена с пропуска 2 тактов на чанк до пропуска 5 тактов.$(li)Проверьте конфигурацию сервера: Если вы по-прежнему сталкиваетесь с задержками.$(li)Теперь порталы будут открываться быстрее, если соответствующее подземелье уже построено."
		}		
    ]
}