{
    "name": "Патч 152",
    "icon": "minecraft:book",
    "category": "dimdungeons:patch_notes",	
	"sortnum": 152,
    "pages": [
        {
            "type": "text",
            "text": "$(li)Теперь подземелья генерируются поэтапно, в течение нескольких игровых тактов. Это должно улучшить производительность игры.$(li)Теперь при взаимодействии с замочной скважиной будут появляться звуковые эффекты и частицы, подтверждающие ее работоспособность.$(li)Исправлено несколько ошибок, связанных с системой достижений."
        },
        {
            "type": "text",
            "text": "$(li)Добавлен потолок в подземелье "Пески", а также внесены изменения в несколько комнат.$(li)Исправлена ошибка со стойкой для брони в одной из комнат с подсказками.$(li)Исправлены сделки у заключеннного.$(li)Обновлены номера версий мода для избежания конфликтов с номерами версий Minecraft."
		}		
    ]
}