{
    "name": "Советы",
    "icon": "minecraft:book",
    "category": "dimdungeons:introduction",	
	"sortnum": 3,
    "pages": [
        {
            "type": "text",
            "text": "$(li)Хотя для решения большинства головоломок не требуется жемчуг Эндера, они часто являются самым простым решением.$(li)По всему подземелью расставлены раздатчики с советами. Прислушайтесь к ним!$(li)Ключи можно переименовать на наковальне, не меняя их функции и статуса.$(li)Мобы не будут появляться в подземельях, только рядом со спаунерами."
        },
        {
            "type": "text",
            "text": "$(li)Если вы используете мод по типу Gravestones, то обязательно настройте вайтлист сервера так, чтобы вы могли сломать этот блок.$(li)Несмотря на то, что некоторые ловушки чрезмерно жестоки, я действительно $(l)do$() хочу, чтобы вы добились успеха в прохождении!$(li)Вниз, Вверх, Вниз, Вниз, Влево, Вправо, Влево, Вправо.$(li)Треснувшие кирпичи - это очень важный ЗНАК.$(li)Использовать карту из ванильного майнкрафта гораздо интереснее, чем модовую миникарту."
		},
        {
            "type": "text",
            "text": "$(li)Эти подземелья существуют во внепространственном карманном пространстве! Так что вполне возможно, что добыча из $(о)других измерений$() попала и сюда.$(li)Мне важны ваши отзывы, предложения и сообщения об ошибках! Вы можете связаться с автором мода через CurseForge, Github или Discord.$(li)Некоторые комнаты подземелья меняют правила игры по умолчанию, например, doFireTick=true."
		},
        {
            "type": "text",
            "text": "$(li)Берегите свои ключи! По крайней мере, до тех пор, пока вы не убедитесь, что нашли все в подземелье.$(li)Зелья удачи можно использовать для повышения качества лута в "лёгких" сундуках.$(li)Спасибо, что играете!"
		}
    ]
}