{
  "pools": [
    {
      "rolls": {
        "min": 1,
        "max": 1
      },
  	  "name":"dimdungeons:pool_4",
      "entries": [
        {
          "type": "item",
          "name": "minecraft:ancient_debris",
          "weight": 3,
          "functions": [
            {
              "function": "set_count",
              "count": {
                "min": 1,
                "max": 3
              }
            }
          ]
        },
        {
          "type": "item",
          "name": "minecraft:totem_of_undying",
          "weight": 3,
          "functions": [
            {
              "function": "set_count",
              "count": {
                "min": 1,
                "max": 1
              }
            }
          ]
        },
        {
          "type": "item",
          "name": "minecraft:shulker_box",
          "weight": 3,
          "functions": [
            {
              "function": "set_count",
              "count": {
                "min": 1,
                "max": 1
              }
            }
          ]
        },
        {
          "type": "item",
          "name": "minecraft:ghast_tear",
          "weight": 3,
          "functions": [
            {
              "function": "set_count",
              "count": {
                "min": 3,
                "max": 6
              }
            }
          ]		  
        },
        {
          "type": "item",
          "name": "minecraft:trident",
          "weight": 3,
          "functions": [
            {
              "function": "set_count",
              "count": {
                "min": 1,
                "max": 1
              }
            }
          ]		  
        },
        {
          "type": "item",
          "name": "minecraft:enchanted_golden_apple",
		  "weight": 3,
          "functions": [
            {
              "function": "set_count",
              "count": {
                "min": 1,
                "max": 1
              }
            }
          ]		  
		},	
        {
          "type": "item",
          "name": "minecraft:diamond_chestplate",
          "weight": 4,
          "functions": [
            {
              "function": "enchant_with_levels",
              "treasure": false,
              "levels": {
                "min": 30,
                "max": 40
              }
            }
          ]
        },
        {
          "type": "item",
          "name": "minecraft:diamond_helmet",
          "weight": 4,
          "functions": [
            {
              "function": "enchant_with_levels",
              "treasure": false,
              "levels": {
                "min": 30,
                "max": 40
              }
            }
          ]
        },
        {
          "type": "item",
          "name": "minecraft:diamond_leggings",
          "weight": 4,
          "functions": [
            {
              "function": "enchant_with_levels",
              "treasure": false,
              "levels": {
                "min": 30,
                "max": 40
              }
            }
          ]
        },
        {
          "type": "item",
          "name": "minecraft:diamond_boots",
          "weight": 4,
          "functions": [
            {
              "function": "enchant_with_levels",
              "treasure": false,
              "levels": {
                "min": 30,
                "max": 40
              }
            }
          ]
        },		
        {
          "type": "item",
          "name": "minecraft:diamond_pickaxe",
          "weight": 4,
          "functions": [
            {
              "function": "enchant_with_levels",
              "treasure": false,
              "levels": {
                "min": 30,
                "max": 40
              }
            }
          ]
        },		
        {
          "type": "item",
          "name": "minecraft:diamond_sword",
          "weight": 3,
          "functions": [
            {
              "function": "enchant_with_levels",
              "treasure": false,
              "levels": {
                "min": 30,
                "max": 40
              }
            }
          ]
        },
        {
          "type": "item",
          "name": "minecraft:crossbow",
          "weight": 3,
          "functions": [
            {
              "function": "enchant_with_levels",
              "treasure": false,
              "levels": {
                "min": 30,
                "max": 40
              }
            }
          ]
        },
        {
          "type": "item",
          "name": "minecraft:bow",
          "weight": 3,
          "functions": [
            {
              "function": "enchant_with_levels",
              "treasure": false,
              "levels": {
                "min": 30,
                "max": 40
              }
            }
          ]
        },		
        {
          "type": "item",
          "name": "dimdungeons:item_portal_key",
          "weight": 7,
          "functions": [
            {
              "function": "set_count",
              "count": {
                "min": 1,
                "max": 1
              }
            }
          ]
        },	
        {
          "type": "item",
          "name": "dimdungeons:item_secret_bell",
          "weight": 4,
          "functions": [
            {
              "function": "set_count",
              "count": {
                "min": 1,
                "max": 1
              }
            }
          ]
        },	
        {
          "type": "item",
          "name": "dimdungeons:block_key_charger",
          "weight": 4,
          "functions": [
            {
              "function": "set_count",
              "count": {
                "min": 1,
                "max": 1
              }
            }
          ]
        },
        {
          "type": "item",
          "name": "dimdungeons:item_blank_teleporter_key",
          "weight": 4,
          "functions": [
            {
              "function": "set_count",
              "count": {
                "min": 1,
                "max": 1
              }
            }
          ]
        },		
        {
          "type": "loot_table",
          "name": "dimdungeons:chests/trophy_1",
          "weight": 10
        },
        {
          "type": "loot_table",
          "name": "dimdungeons:chests/chestbooks_3",
          "weight": 32
        }
      ]
    }
  ]
}