{
  "type": "hexerei:mixingcauldron",
  "liquid": {
    "fluid": "minecraft:lava"
  },
  "ingredients": [
    {
      "item": "botania:quartz_mana"
    },
    {
      "item": "createindustry:heavy_plate"
    },
    {
      "item": "minecraft:stone"
    },
    {
      "item": "minecraft:stone"
    },
    {
      "item": "createindustry:rebar_formwork_block"
    },
    {
      "item": "minecraft:stone"
    },
    {
      "item": "minecraft:stone"
    },
    {
      "item": "createindustry:heavy_plate"
    }
  ],
  "output": {
    "item": "hexerei:pestle_and_mortar"
  },
  "liquidOutput": {
    "fluid": "minecraft:lava"
  },
  "fluidLevelsConsumed": 250,
  "heatRequirement": "heated"
}