{
  "name": "Инструменты заклинаний",
  "icon": "irons_spellbooks:graybeard_staff",
  "category": "irons_spellbooks:root",
  "sortnum": 3,
  "read_by_default" : true,
  "pages": [
    {
      "type": "patchouli:text",
      "title": "Инструменты заклинаний",
      "text": "Инструменты заклинаний — это предметы, которые можно использовать правым кликом для произнесения активного заклинания. Чаще всего они также предоставляют пассивные преимущества, способствуя специализации на роли волшебника."
    },
    {
      "type": "patchouli:crafting",
      "recipe": "irons_spellbooks:graybeard_staff",
      "text": "Для начала нужна всего лишь простая палка, чтобы запустить механизм событий."
    },
    {
      "type": "patchouli:crafting",
      "recipe": "irons_spellbooks:artificer_cane",
      "text": "Иногда для того, чтобы вывести ваши заклинания на новый уровень, достаточно всего лишь немного стиля."
    },
    {
      "type": "patchouli:crafting",
      "recipe": "irons_spellbooks:ice_staff",
      "text": "Говорят, что части мистического изумрудного посоха разбросаны по обыденному миру. У Криоманта может быть исследование, спрятанное в его башне, раскрывающее больше информации."
    },
    {
      "type": "patchouli:spotlight",
      "item": "irons_spellbooks:blood_staff",
      "text": "Древний скипетр с беспрецедентными способностями призыва, его можно получить, только отняв у его неживого владельца."
    }
  ]
}