{
  "name": "Свитки",
  "icon": "irons_spellbooks:scroll",
  "category": "irons_spellbooks:root",
  "sortnum": 0,
  "read_by_default" : true,
  "pages": [
    {
      "type": "patchouli:spotlight",
      "title": "Свитки",
      "item": "irons_spellbooks:scroll",
      "text": "Свитки можно найти в сундуках, получить в качестве добычи с мобов или создать самому. Каждый свиток содержит заклинание определенного уровня, подобно зачарованной книге. Аналогично, два одинаковых свитка можно улучшить в магической наковальне, как и зачарованные книги."
    },
    {
      "type": "patchouli:text",
      "text": "Свитки можно использовать напрямую для применения заклинания, игнорируя затраты маны и перезарядку, однако при этом свиток исчезает. В основном их вписывают в книги заклинаний для многоразового применения, или же перерабатывают в Алхимическом Котле в более полезные заклинания."
    }
  ]
}