{
  "name": "Уникальные книги заклинаний",
  "icon": "irons_spellbooks:evoker_spell_book",
  "category": "irons_spellbooks:root",
  "sortnum": 2,
  "read_by_default" : true,
  "pages": [
    {
      "type": "patchouli:text",
      "title": "Уникальные книги заклинаний",
      "text": "Уникальные гримуары - редкая добыча с определенных монстров. Они уже содержат в себе запечатанные заклинания, которые нельзя ни удалить, ни изменить.  В конце концов, это же тайное искусство, а не простое ремесло - не каждый гримуар можно просто изготовить."
    },
    {
      "type": "patchouli:spotlight",
      "title": "Уникальные Улучшения",
      "item": "irons_spellbooks:arcane_anvil",
      "text": "Заклинания в уникальном гримуаре заблокированы, но их можно улучшить. Объединив уникальный гримуар в магической наковальне с  более высокоуровневым свитком того же заклинания из самого гримуара, вы можете повысить уровень заблокированного заклинания."
    },
    {
      "type": "patchouli:spotlight",
      "item": "irons_spellbooks:evoker_spell_book",
      "text": "Книга, полная основополагающей магии разбойников, Гримуар Эвокации, может быть выброшена разбойниками или их более мощными кузенами по магии, Аркевокерами."
    },
    {
      "type": "patchouli:spotlight",
      "item": "irons_spellbooks:necronomicon_spell_book",
      "text": "Древняя книга, хранящая множество тёмных заклинаний. Её можно заполучить лишь отобрав у её неживого хозяина."
    }

  ]
}