{
  "type": "create:mixing",
  "ingredients": [
    {
      "item": "minecraft:iron_nugget"
    },
    {
      "item": "minecraft:iron_nugget"
    },
    {
      "item": "minecraft:iron_nugget"
    },
    {
      "item": "minecraft:iron_nugget"
    },
    {
      "item": "minecraft:obsidian"
    },
    {
      "item": "hexerei:selenite_shard"
    },
    {
      "item": "hexerei:selenite_shard"
    },
    {
      "item": "hexerei:selenite_shard"
    },
    {
      "item": "hexerei:selenite_shard"
    }
  ],
  "results": [
    {
	  "count": 2,
      "item": "forbidden_arcanus:obsidian_with_iron"
    }
  ]
}